step,nta,cat,s,e,is,ia,r,d
0,BK09,m,2855.0,0.0,0.0,0.0,0.0,0.0
0,BK09,c,3899.0,0.0,0.0,0.0,0.0,0.0
0,BK09,i,7463.0,0.0,0.0,0.0,0.0,0.0
0,BK09,h,8670.0,0.0,0.0,0.0,0.0,0.0
0,BK17,m,1853.0,0.0,0.0,0.0,0.0,0.0
0,BK17,c,17187.0,0.0,0.0,0.0,0.0,0.0
0,BK17,i,21039.0,0.0,0.0,0.0,0.0,0.0
0,BK17,h,24439.0,0.0,0.0,0.0,0.0,0.0
0,BK19,m,4020.0,0.0,0.0,0.0,0.0,0.0
0,BK19,c,6470.0,0.0,0.0,0.0,0.0,0.0
0,BK19,i,11591.0,0.0,0.0,0.0,0.0,0.0
0,BK19,h,13466.0,0.0,0.0,0.0,0.0,0.0
0,BK21,m,1779.0,0.0,0.0,0.0,0.0,0.0
0,BK21,c,7653.0,0.0,0.0,0.0,0.0,0.0
0,BK21,i,10423.0,0.0,0.0,0.0,0.0,0.0
0,BK21,h,12110.0,0.0,0.0,0.0,0.0,0.0
0,BK23,m,2282.0,0.0,0.0,0.0,0.0,0.0
0,BK23,c,2956.0,0.0,0.0,0.0,0.0,0.0
0,BK23,i,5788.0,0.0,0.0,0.0,0.0,0.0
0,BK23,h,6724.0,0.0,0.0,0.0,0.0,0.0
0,BK25,m,3190.0,0.0,0.0,0.0,0.0,0.0
0,BK25,c,9887.0,0.0,0.0,0.0,0.0,0.0
0,BK25,i,14451.0,0.0,0.0,0.0,0.0,0.0
0,BK25,h,16788.0,0.0,0.0,0.0,0.0,0.0
0,BK26,m,3897.0,0.0,0.0,0.0,0.0,0.0
0,BK26,c,4790.0,0.0,0.0,0.0,0.0,0.0
0,BK26,i,9598.0,0.0,0.0,0.0,0.0,0.0
0,BK26,h,11151.0,0.0,0.0,0.0,0.0,0.0
0,BK27,m,2435.0,0.0,0.0,0.0,0.0,0.0
0,BK27,c,6398.0,0.0,0.0,0.0,0.0,0.0
0,BK27,i,9760.0,0.0,0.0,0.0,0.0,0.0
0,BK27,h,11338.0,0.0,0.0,0.0,0.0,0.0
0,BK28,m,8906.0,0.0,0.0,0.0,0.0,0.0
0,BK28,c,17279.0,0.0,0.0,0.0,0.0,0.0
0,BK28,i,28933.0,0.0,0.0,0.0,0.0,0.0
0,BK28,h,33609.0,0.0,0.0,0.0,0.0,0.0
0,BK29,m,6977.0,0.0,0.0,0.0,0.0,0.0
0,BK29,c,11609.0,0.0,0.0,0.0,0.0,0.0
0,BK29,i,20536.0,0.0,0.0,0.0,0.0,0.0
0,BK29,h,23856.0,0.0,0.0,0.0,0.0,0.0
0,BK30,m,897.0,0.0,0.0,0.0,0.0,0.0
0,BK30,c,11621.0,0.0,0.0,0.0,0.0,0.0
0,BK30,i,13832.0,0.0,0.0,0.0,0.0,0.0
0,BK30,h,16069.0,0.0,0.0,0.0,0.0,0.0
0,BK31,m,9878.0,0.0,0.0,0.0,0.0,0.0
0,BK31,c,13545.0,0.0,0.0,0.0,0.0,0.0
0,BK31,i,25882.0,0.0,0.0,0.0,0.0,0.0
0,BK31,h,30066.0,0.0,0.0,0.0,0.0,0.0
0,BK32,m,5929.0,0.0,0.0,0.0,0.0,0.0
0,BK32,c,10019.0,0.0,0.0,0.0,0.0,0.0
0,BK32,i,17622.0,0.0,0.0,0.0,0.0,0.0
0,BK32,h,20471.0,0.0,0.0,0.0,0.0,0.0
0,BK33,m,2524.0,0.0,0.0,0.0,0.0,0.0
0,BK33,c,8794.0,0.0,0.0,0.0,0.0,0.0
0,BK33,i,12506.0,0.0,0.0,0.0,0.0,0.0
0,BK33,h,14529.0,0.0,0.0,0.0,0.0,0.0
0,BK34,m,3893.0,0.0,0.0,0.0,0.0,0.0
0,BK34,c,17455.0,0.0,0.0,0.0,0.0,0.0
0,BK34,i,23589.0,0.0,0.0,0.0,0.0,0.0
0,BK34,h,27403.0,0.0,0.0,0.0,0.0,0.0
0,BK35,m,5206.0,0.0,0.0,0.0,0.0,0.0
0,BK35,c,13535.0,0.0,0.0,0.0,0.0,0.0
0,BK35,i,20708.0,0.0,0.0,0.0,0.0,0.0
0,BK35,h,24055.0,0.0,0.0,0.0,0.0,0.0
0,BK37,m,7592.0,0.0,0.0,0.0,0.0,0.0
0,BK37,c,12372.0,0.0,0.0,0.0,0.0,0.0
0,BK37,i,22060.0,0.0,0.0,0.0,0.0,0.0
0,BK37,h,25625.0,0.0,0.0,0.0,0.0,0.0
0,BK38,m,5057.0,0.0,0.0,0.0,0.0,0.0
0,BK38,c,5122.0,0.0,0.0,0.0,0.0,0.0
0,BK38,i,11248.0,0.0,0.0,0.0,0.0,0.0
0,BK38,h,13068.0,0.0,0.0,0.0,0.0,0.0
0,BK40,m,2377.0,0.0,0.0,0.0,0.0,0.0
0,BK40,c,3816.0,0.0,0.0,0.0,0.0,0.0
0,BK40,i,6844.0,0.0,0.0,0.0,0.0,0.0
0,BK40,h,7951.0,0.0,0.0,0.0,0.0,0.0
0,BK41,m,3666.0,0.0,0.0,0.0,0.0,0.0
0,BK41,c,7221.0,0.0,0.0,0.0,0.0,0.0
0,BK41,i,12029.0,0.0,0.0,0.0,0.0,0.0
0,BK41,h,13975.0,0.0,0.0,0.0,0.0,0.0
0,BK42,m,12191.0,0.0,0.0,0.0,0.0,0.0
0,BK42,c,19034.0,0.0,0.0,0.0,0.0,0.0
0,BK42,i,34502.0,0.0,0.0,0.0,0.0,0.0
0,BK42,h,40077.0,0.0,0.0,0.0,0.0,0.0
0,BK43,m,5601.0,0.0,0.0,0.0,0.0,0.0
0,BK43,c,9991.0,0.0,0.0,0.0,0.0,0.0
0,BK43,i,17229.0,0.0,0.0,0.0,0.0,0.0
0,BK43,h,20014.0,0.0,0.0,0.0,0.0,0.0
0,BK44,m,1917.0,0.0,0.0,0.0,0.0,0.0
0,BK44,c,9567.0,0.0,0.0,0.0,0.0,0.0
0,BK44,i,12690.0,0.0,0.0,0.0,0.0,0.0
0,BK44,h,14743.0,0.0,0.0,0.0,0.0,0.0
0,BK45,m,0.0,0.0,0.0,0.0,0.0,0.0
0,BK45,c,13348.0,0.0,0.0,0.0,0.0,0.0
0,BK45,i,14749.0,0.0,0.0,0.0,0.0,0.0
0,BK45,h,17134.0,0.0,0.0,0.0,0.0,0.0
0,BK46,m,2199.0,0.0,0.0,0.0,0.0,0.0
0,BK46,c,3790.0,0.0,0.0,0.0,0.0,0.0
0,BK46,i,6619.0,0.0,0.0,0.0,0.0,0.0
0,BK46,h,7691.0,0.0,0.0,0.0,0.0,0.0
0,BK50,m,3478.0,0.0,0.0,0.0,0.0,0.0
0,BK50,c,21221.0,0.0,0.0,0.0,0.0,0.0
0,BK50,i,27291.0,0.0,0.0,0.0,0.0,0.0
0,BK50,h,31703.0,0.0,0.0,0.0,0.0,0.0
0,BK58,m,0.0,0.0,0.0,0.0,0.0,0.0
0,BK58,c,19112.0,0.0,0.0,0.0,0.0,0.0
0,BK58,i,21118.0,0.0,0.0,0.0,0.0,0.0
0,BK58,h,24532.0,0.0,0.0,0.0,0.0,0.0
0,BK60,m,7929.0,0.0,0.0,0.0,0.0,0.0
0,BK60,c,11979.0,0.0,0.0,0.0,0.0,0.0
0,BK60,i,21998.0,0.0,0.0,0.0,0.0,0.0
0,BK60,h,25553.0,0.0,0.0,0.0,0.0,0.0
0,BK61,m,8668.0,0.0,0.0,0.0,0.0,0.0
0,BK61,c,21779.0,0.0,0.0,0.0,0.0,0.0
0,BK61,i,33642.0,0.0,0.0,0.0,0.0,0.0
0,BK61,h,39080.0,0.0,0.0,0.0,0.0,0.0
0,BK63,m,5178.0,0.0,0.0,0.0,0.0,0.0
0,BK63,c,6529.0,0.0,0.0,0.0,0.0,0.0
0,BK63,i,12936.0,0.0,0.0,0.0,0.0,0.0
0,BK63,h,15027.0,0.0,0.0,0.0,0.0,0.0
0,BK64,m,2175.0,0.0,0.0,0.0,0.0,0.0
0,BK64,c,3682.0,0.0,0.0,0.0,0.0,0.0
0,BK64,i,6472.0,0.0,0.0,0.0,0.0,0.0
0,BK64,h,7520.0,0.0,0.0,0.0,0.0,0.0
0,BK68,m,2815.0,0.0,0.0,0.0,0.0,0.0
0,BK68,c,4880.0,0.0,0.0,0.0,0.0,0.0
0,BK68,i,8504.0,0.0,0.0,0.0,0.0,0.0
0,BK68,h,9880.0,0.0,0.0,0.0,0.0,0.0
0,BK69,m,4544.0,0.0,0.0,0.0,0.0,0.0
0,BK69,c,5722.0,0.0,0.0,0.0,0.0,0.0
0,BK69,i,11345.0,0.0,0.0,0.0,0.0,0.0
0,BK69,h,13180.0,0.0,0.0,0.0,0.0,0.0
0,BK72,m,3212.0,0.0,0.0,0.0,0.0,0.0
0,BK72,c,6504.0,0.0,0.0,0.0,0.0,0.0
0,BK72,i,10737.0,0.0,0.0,0.0,0.0,0.0
0,BK72,h,12473.0,0.0,0.0,0.0,0.0,0.0
0,BK73,m,5518.0,0.0,0.0,0.0,0.0,0.0
0,BK73,c,7990.0,0.0,0.0,0.0,0.0,0.0
0,BK73,i,14926.0,0.0,0.0,0.0,0.0,0.0
0,BK73,h,17340.0,0.0,0.0,0.0,0.0,0.0
0,BK75,m,8159.0,0.0,0.0,0.0,0.0,0.0
0,BK75,c,12710.0,0.0,0.0,0.0,0.0,0.0
0,BK75,i,23059.0,0.0,0.0,0.0,0.0,0.0
0,BK75,h,26785.0,0.0,0.0,0.0,0.0,0.0
0,BK76,m,3526.0,0.0,0.0,0.0,0.0,0.0
0,BK76,c,6720.0,0.0,0.0,0.0,0.0,0.0
0,BK76,i,11321.0,0.0,0.0,0.0,0.0,0.0
0,BK76,h,13152.0,0.0,0.0,0.0,0.0,0.0
0,BK77,m,7134.0,0.0,0.0,0.0,0.0,0.0
0,BK77,c,9727.0,0.0,0.0,0.0,0.0,0.0
0,BK77,i,18632.0,0.0,0.0,0.0,0.0,0.0
0,BK77,h,21645.0,0.0,0.0,0.0,0.0,0.0
0,BK78,m,9168.0,0.0,0.0,0.0,0.0,0.0
0,BK78,c,12110.0,0.0,0.0,0.0,0.0,0.0
0,BK78,i,23511.0,0.0,0.0,0.0,0.0,0.0
0,BK78,h,27312.0,0.0,0.0,0.0,0.0,0.0
0,BK79,m,4099.0,0.0,0.0,0.0,0.0,0.0
0,BK79,c,5325.0,0.0,0.0,0.0,0.0,0.0
0,BK79,i,10413.0,0.0,0.0,0.0,0.0,0.0
0,BK79,h,12098.0,0.0,0.0,0.0,0.0,0.0
0,BK81,m,7773.0,0.0,0.0,0.0,0.0,0.0
0,BK81,c,9432.0,0.0,0.0,0.0,0.0,0.0
0,BK81,i,19011.0,0.0,0.0,0.0,0.0,0.0
0,BK81,h,22084.0,0.0,0.0,0.0,0.0,0.0
0,BK82,m,5173.0,0.0,0.0,0.0,0.0,0.0
0,BK82,c,21965.0,0.0,0.0,0.0,0.0,0.0
0,BK82,i,29987.0,0.0,0.0,0.0,0.0,0.0
0,BK82,h,34833.0,0.0,0.0,0.0,0.0,0.0
0,BK83,m,6726.0,0.0,0.0,0.0,0.0,0.0
0,BK83,c,7800.0,0.0,0.0,0.0,0.0,0.0
0,BK83,i,16051.0,0.0,0.0,0.0,0.0,0.0
0,BK83,h,18646.0,0.0,0.0,0.0,0.0,0.0
0,BK85,m,3837.0,0.0,0.0,0.0,0.0,0.0
0,BK85,c,4822.0,0.0,0.0,0.0,0.0,0.0
0,BK85,i,9568.0,0.0,0.0,0.0,0.0,0.0
0,BK85,h,11116.0,0.0,0.0,0.0,0.0,0.0
0,BK88,m,9364.0,0.0,0.0,0.0,0.0,0.0
0,BK88,c,22023.0,0.0,0.0,0.0,0.0,0.0
0,BK88,i,34682.0,0.0,0.0,0.0,0.0,0.0
0,BK88,h,40288.0,0.0,0.0,0.0,0.0,0.0
0,BK90,m,3313.0,0.0,0.0,0.0,0.0,0.0
0,BK90,c,6767.0,0.0,0.0,0.0,0.0,0.0
0,BK90,i,11138.0,0.0,0.0,0.0,0.0,0.0
0,BK90,h,12940.0,0.0,0.0,0.0,0.0,0.0
0,BK91,m,2278.0,0.0,0.0,0.0,0.0,0.0
0,BK91,c,12582.0,0.0,0.0,0.0,0.0,0.0
0,BK91,i,16420.0,0.0,0.0,0.0,0.0,0.0
0,BK91,h,19075.0,0.0,0.0,0.0,0.0,0.0
0,BK93,m,0.0,0.0,0.0,0.0,0.0,0.0
0,BK93,c,3941.0,0.0,0.0,0.0,0.0,0.0
0,BK93,i,4354.0,0.0,0.0,0.0,0.0,0.0
0,BK93,h,5059.0,0.0,0.0,0.0,0.0,0.0
0,BK95,m,3791.0,0.0,0.0,0.0,0.0,0.0
0,BK95,c,5043.0,0.0,0.0,0.0,0.0,0.0
0,BK95,i,9762.0,0.0,0.0,0.0,0.0,0.0
0,BK95,h,11342.0,0.0,0.0,0.0,0.0,0.0
0,BK96,m,1294.0,0.0,0.0,0.0,0.0,0.0
0,BK96,c,15033.0,0.0,0.0,0.0,0.0,0.0
0,BK96,i,18041.0,0.0,0.0,0.0,0.0,0.0
0,BK96,h,20958.0,0.0,0.0,0.0,0.0,0.0
0,BK99,m,0.0,0.0,0.0,0.0,0.0,0.0
0,BK99,c,123.0,0.0,0.0,0.0,0.0,0.0
0,BK99,i,136.0,0.0,0.0,0.0,0.0,0.0
0,BK99,h,159.0,0.0,0.0,0.0,0.0,0.0
0,BX01,m,1579.0,0.0,0.0,0.0,0.0,0.0
0,BX01,c,7691.0,0.0,0.0,0.0,0.0,0.0
0,BX01,i,8771.0,0.0,0.0,0.0,0.0,0.0
0,BX01,h,13037.0,0.0,0.0,0.0,0.0,0.0
0,BX03,m,4218.0,0.0,0.0,0.0,0.0,0.0
0,BX03,c,6079.0,0.0,0.0,0.0,0.0,0.0
0,BX03,i,9742.0,0.0,0.0,0.0,0.0,0.0
0,BX03,h,14478.0,0.0,0.0,0.0,0.0,0.0
0,BX05,m,6714.0,0.0,0.0,0.0,0.0,0.0
0,BX05,c,9519.0,0.0,0.0,0.0,0.0,0.0
0,BX05,i,15357.0,0.0,0.0,0.0,0.0,0.0
0,BX05,h,22825.0,0.0,0.0,0.0,0.0,0.0
0,BX06,m,816.0,0.0,0.0,0.0,0.0,0.0
0,BX06,c,7351.0,0.0,0.0,0.0,0.0,0.0
0,BX06,i,7727.0,0.0,0.0,0.0,0.0,0.0
0,BX06,h,11484.0,0.0,0.0,0.0,0.0,0.0
0,BX07,m,4506.0,0.0,0.0,0.0,0.0,0.0
0,BX07,c,6096.0,0.0,0.0,0.0,0.0,0.0
0,BX07,i,10030.0,0.0,0.0,0.0,0.0,0.0
0,BX07,h,14906.0,0.0,0.0,0.0,0.0,0.0
0,BX08,m,3480.0,0.0,0.0,0.0,0.0,0.0
0,BX08,c,6965.0,0.0,0.0,0.0,0.0,0.0
0,BX08,i,9881.0,0.0,0.0,0.0,0.0,0.0
0,BX08,h,14685.0,0.0,0.0,0.0,0.0,0.0
0,BX09,m,0.0,0.0,0.0,0.0,0.0,0.0
0,BX09,c,16016.0,0.0,0.0,0.0,0.0,0.0
0,BX09,i,15152.0,0.0,0.0,0.0,0.0,0.0
0,BX09,h,22518.0,0.0,0.0,0.0,0.0,0.0
0,BX10,m,0.0,0.0,0.0,0.0,0.0,0.0
0,BX10,c,7930.0,0.0,0.0,0.0,0.0,0.0
0,BX10,i,7502.0,0.0,0.0,0.0,0.0,0.0
0,BX10,h,11151.0,0.0,0.0,0.0,0.0,0.0
0,BX13,m,1622.0,0.0,0.0,0.0,0.0,0.0
0,BX13,c,11430.0,0.0,0.0,0.0,0.0,0.0
0,BX13,i,12348.0,0.0,0.0,0.0,0.0,0.0
0,BX13,h,18352.0,0.0,0.0,0.0,0.0,0.0
0,BX14,m,6685.0,0.0,0.0,0.0,0.0,0.0
0,BX14,c,11896.0,0.0,0.0,0.0,0.0,0.0
0,BX14,i,17578.0,0.0,0.0,0.0,0.0,0.0
0,BX14,h,26125.0,0.0,0.0,0.0,0.0,0.0
0,BX17,m,3267.0,0.0,0.0,0.0,0.0,0.0
0,BX17,c,9687.0,0.0,0.0,0.0,0.0,0.0
0,BX17,i,12255.0,0.0,0.0,0.0,0.0,0.0
0,BX17,h,18214.0,0.0,0.0,0.0,0.0,0.0
0,BX22,m,0.0,0.0,0.0,0.0,0.0,0.0
0,BX22,c,8311.0,0.0,0.0,0.0,0.0,0.0
0,BX22,i,7863.0,0.0,0.0,0.0,0.0,0.0
0,BX22,h,11686.0,0.0,0.0,0.0,0.0,0.0
0,BX26,m,3826.0,0.0,0.0,0.0,0.0,0.0
0,BX26,c,7429.0,0.0,0.0,0.0,0.0,0.0
0,BX26,i,10648.0,0.0,0.0,0.0,0.0,0.0
0,BX26,h,15824.0,0.0,0.0,0.0,0.0,0.0
0,BX27,m,981.0,0.0,0.0,0.0,0.0,0.0
0,BX27,c,7134.0,0.0,0.0,0.0,0.0,0.0
0,BX27,i,7678.0,0.0,0.0,0.0,0.0,0.0
0,BX27,h,11411.0,0.0,0.0,0.0,0.0,0.0
0,BX28,m,4445.0,0.0,0.0,0.0,0.0,0.0
0,BX28,c,10501.0,0.0,0.0,0.0,0.0,0.0
0,BX28,i,14140.0,0.0,0.0,0.0,0.0,0.0
0,BX28,h,21014.0,0.0,0.0,0.0,0.0,0.0
0,BX29,m,2500.0,0.0,0.0,0.0,0.0,0.0
0,BX29,c,6497.0,0.0,0.0,0.0,0.0,0.0
0,BX29,i,8512.0,0.0,0.0,0.0,0.0,0.0
0,BX29,h,12652.0,0.0,0.0,0.0,0.0,0.0
0,BX30,m,3223.0,0.0,0.0,0.0,0.0,0.0
0,BX30,c,6471.0,0.0,0.0,0.0,0.0,0.0
0,BX30,i,9171.0,0.0,0.0,0.0,0.0,0.0
0,BX30,h,13631.0,0.0,0.0,0.0,0.0,0.0
0,BX31,m,2610.0,0.0,0.0,0.0,0.0,0.0
0,BX31,c,6012.0,0.0,0.0,0.0,0.0,0.0
0,BX31,i,8157.0,0.0,0.0,0.0,0.0,0.0
0,BX31,h,12124.0,0.0,0.0,0.0,0.0,0.0
0,BX33,m,3399.0,0.0,0.0,0.0,0.0,0.0
0,BX33,c,4415.0,0.0,0.0,0.0,0.0,0.0
0,BX33,i,7393.0,0.0,0.0,0.0,0.0,0.0
0,BX33,h,10989.0,0.0,0.0,0.0,0.0,0.0
0,BX34,m,4007.0,0.0,0.0,0.0,0.0,0.0
0,BX34,c,7691.0,0.0,0.0,0.0,0.0,0.0
0,BX34,i,11067.0,0.0,0.0,0.0,0.0,0.0
0,BX34,h,16449.0,0.0,0.0,0.0,0.0,0.0
0,BX35,m,2560.0,0.0,0.0,0.0,0.0,0.0
0,BX35,c,8735.0,0.0,0.0,0.0,0.0,0.0
0,BX35,i,10686.0,0.0,0.0,0.0,0.0,0.0
0,BX35,h,15884.0,0.0,0.0,0.0,0.0,0.0
0,BX36,m,4877.0,0.0,0.0,0.0,0.0,0.0
0,BX36,c,11288.0,0.0,0.0,0.0,0.0,0.0
0,BX36,i,15293.0,0.0,0.0,0.0,0.0,0.0
0,BX36,h,22730.0,0.0,0.0,0.0,0.0,0.0
0,BX37,m,1118.0,0.0,0.0,0.0,0.0,0.0
0,BX37,c,7608.0,0.0,0.0,0.0,0.0,0.0
0,BX37,i,8255.0,0.0,0.0,0.0,0.0,0.0
0,BX37,h,12269.0,0.0,0.0,0.0,0.0,0.0
0,BX39,m,7001.0,0.0,0.0,0.0,0.0,0.0
0,BX39,c,8635.0,0.0,0.0,0.0,0.0,0.0
0,BX39,i,14792.0,0.0,0.0,0.0,0.0,0.0
0,BX39,h,21985.0,0.0,0.0,0.0,0.0,0.0
0,BX40,m,3624.0,0.0,0.0,0.0,0.0,0.0
0,BX40,c,4807.0,0.0,0.0,0.0,0.0,0.0
0,BX40,i,7976.0,0.0,0.0,0.0,0.0,0.0
0,BX40,h,11855.0,0.0,0.0,0.0,0.0,0.0
0,BX41,m,7261.0,0.0,0.0,0.0,0.0,0.0
0,BX41,c,8194.0,0.0,0.0,0.0,0.0,0.0
0,BX41,i,14621.0,0.0,0.0,0.0,0.0,0.0
0,BX41,h,21731.0,0.0,0.0,0.0,0.0,0.0
0,BX43,m,5150.0,0.0,0.0,0.0,0.0,0.0
0,BX43,c,6930.0,0.0,0.0,0.0,0.0,0.0
0,BX43,i,11428.0,0.0,0.0,0.0,0.0,0.0
0,BX43,h,16986.0,0.0,0.0,0.0,0.0,0.0
0,BX44,m,7020.0,0.0,0.0,0.0,0.0,0.0
0,BX44,c,11274.0,0.0,0.0,0.0,0.0,0.0
0,BX44,i,17307.0,0.0,0.0,0.0,0.0,0.0
0,BX44,h,25720.0,0.0,0.0,0.0,0.0,0.0
0,BX46,m,2737.0,0.0,0.0,0.0,0.0,0.0
0,BX46,c,6159.0,0.0,0.0,0.0,0.0,0.0
0,BX46,i,8416.0,0.0,0.0,0.0,0.0,0.0
0,BX46,h,12509.0,0.0,0.0,0.0,0.0,0.0
0,BX49,m,2909.0,0.0,0.0,0.0,0.0,0.0
0,BX49,c,6062.0,0.0,0.0,0.0,0.0,0.0
0,BX49,i,8487.0,0.0,0.0,0.0,0.0,0.0
0,BX49,h,12615.0,0.0,0.0,0.0,0.0,0.0
0,BX52,m,0.0,0.0,0.0,0.0,0.0,0.0
0,BX52,c,13176.0,0.0,0.0,0.0,0.0,0.0
0,BX52,i,12465.0,0.0,0.0,0.0,0.0,0.0
0,BX52,h,18526.0,0.0,0.0,0.0,0.0,0.0
0,BX55,m,3776.0,0.0,0.0,0.0,0.0,0.0
0,BX55,c,6854.0,0.0,0.0,0.0,0.0,0.0
0,BX55,i,10057.0,0.0,0.0,0.0,0.0,0.0
0,BX55,h,14947.0,0.0,0.0,0.0,0.0,0.0
0,BX59,m,3256.0,0.0,0.0,0.0,0.0,0.0
0,BX59,c,4872.0,0.0,0.0,0.0,0.0,0.0
0,BX59,i,7690.0,0.0,0.0,0.0,0.0,0.0
0,BX59,h,11430.0,0.0,0.0,0.0,0.0,0.0
0,BX62,m,5760.0,0.0,0.0,0.0,0.0,0.0
0,BX62,c,6913.0,0.0,0.0,0.0,0.0,0.0
0,BX62,i,11990.0,0.0,0.0,0.0,0.0,0.0
0,BX62,h,17820.0,0.0,0.0,0.0,0.0,0.0
0,BX63,m,5461.0,0.0,0.0,0.0,0.0,0.0
0,BX63,c,6258.0,0.0,0.0,0.0,0.0,0.0
0,BX63,i,11086.0,0.0,0.0,0.0,0.0,0.0
0,BX63,h,16477.0,0.0,0.0,0.0,0.0,0.0
0,BX75,m,2244.0,0.0,0.0,0.0,0.0,0.0
0,BX75,c,3805.0,0.0,0.0,0.0,0.0,0.0
0,BX75,i,5722.0,0.0,0.0,0.0,0.0,0.0
0,BX75,h,8506.0,0.0,0.0,0.0,0.0,0.0
0,BX98,m,0.0,0.0,0.0,0.0,0.0,0.0
0,BX98,c,3308.0,0.0,0.0,0.0,0.0,0.0
0,BX98,i,3130.0,0.0,0.0,0.0,0.0,0.0
0,BX98,h,4653.0,0.0,0.0,0.0,0.0,0.0
0,BX99,m,220.0,0.0,0.0,0.0,0.0,0.0
0,BX99,c,348.0,0.0,0.0,0.0,0.0,0.0
0,BX99,i,537.0,0.0,0.0,0.0,0.0,0.0
0,BX99,h,801.0,0.0,0.0,0.0,0.0,0.0
0,MN01,m,1271.0,0.0,0.0,0.0,0.0,0.0
0,MN01,c,1530.0,0.0,0.0,0.0,0.0,0.0
0,MN01,i,25522.0,0.0,0.0,0.0,0.0,0.0
0,MN01,h,18423.0,0.0,0.0,0.0,0.0,0.0
0,MN03,m,1584.0,0.0,0.0,0.0,0.0,0.0
0,MN03,c,2928.0,0.0,0.0,0.0,0.0,0.0
0,MN03,i,41103.0,0.0,0.0,0.0,0.0,0.0
0,MN03,h,29667.0,0.0,0.0,0.0,0.0,0.0
0,MN04,m,1351.0,0.0,0.0,0.0,0.0,0.0
0,MN04,c,1557.0,0.0,0.0,0.0,0.0,0.0
0,MN04,i,26491.0,0.0,0.0,0.0,0.0,0.0
0,MN04,h,19121.0,0.0,0.0,0.0,0.0,0.0
0,MN06,m,482.0,0.0,0.0,0.0,0.0,0.0
0,MN06,c,893.0,0.0,0.0,0.0,0.0,0.0
0,MN06,i,12530.0,0.0,0.0,0.0,0.0,0.0
0,MN06,h,9045.0,0.0,0.0,0.0,0.0,0.0
0,MN09,m,1598.0,0.0,0.0,0.0,0.0,0.0
0,MN09,c,1754.0,0.0,0.0,0.0,0.0,0.0
0,MN09,i,30536.0,0.0,0.0,0.0,0.0,0.0
0,MN09,h,22041.0,0.0,0.0,0.0,0.0,0.0
0,MN11,m,1081.0,0.0,0.0,0.0,0.0,0.0
0,MN11,c,1519.0,0.0,0.0,0.0,0.0,0.0
0,MN11,i,23686.0,0.0,0.0,0.0,0.0,0.0
0,MN11,h,17097.0,0.0,0.0,0.0,0.0,0.0
0,MN12,m,3335.0,0.0,0.0,0.0,0.0,0.0
0,MN12,c,4599.0,0.0,0.0,0.0,0.0,0.0
0,MN12,i,72276.0,0.0,0.0,0.0,0.0,0.0
0,MN12,h,52168.0,0.0,0.0,0.0,0.0,0.0
0,MN13,m,1885.0,0.0,0.0,0.0,0.0,0.0
0,MN13,c,2319.0,0.0,0.0,0.0,0.0,0.0
0,MN13,i,38301.0,0.0,0.0,0.0,0.0,0.0
0,MN13,h,27645.0,0.0,0.0,0.0,0.0,0.0
0,MN14,m,1567.0,0.0,0.0,0.0,0.0,0.0
0,MN14,c,2118.0,0.0,0.0,0.0,0.0,0.0
0,MN14,i,33572.0,0.0,0.0,0.0,0.0,0.0
0,MN14,h,24232.0,0.0,0.0,0.0,0.0,0.0
0,MN15,m,826.0,0.0,0.0,0.0,0.0,0.0
0,MN15,c,1923.0,0.0,0.0,0.0,0.0,0.0
0,MN15,i,25052.0,0.0,0.0,0.0,0.0,0.0
0,MN15,h,18083.0,0.0,0.0,0.0,0.0,0.0
0,MN17,m,776.0,0.0,0.0,2.0,0.0,0.0
0,MN17,c,937.0,0.0,0.0,0.0,0.0,0.0
0,MN17,i,15631.0,0.0,0.0,0.0,0.0,0.0
0,MN17,h,11284.0,0.0,0.0,0.0,0.0,0.0
0,MN19,m,1185.0,0.0,0.0,0.0,0.0,0.0
0,MN19,c,1885.0,0.0,0.0,0.0,0.0,0.0
0,MN19,i,27971.0,0.0,0.0,0.0,0.0,0.0
0,MN19,h,20190.0,0.0,0.0,0.0,0.0,0.0
0,MN20,m,1075.0,0.0,0.0,0.0,0.0,0.0
0,MN20,c,1966.0,0.0,0.0,0.0,0.0,0.0
0,MN20,i,27704.0,0.0,0.0,0.0,0.0,0.0
0,MN20,h,19997.0,0.0,0.0,0.0,0.0,0.0
0,MN21,m,620.0,0.0,0.0,0.0,0.0,0.0
0,MN21,c,1057.0,0.0,0.0,0.0,0.0,0.0
0,MN21,i,15281.0,0.0,0.0,0.0,0.0,0.0
0,MN21,h,11030.0,0.0,0.0,0.0,0.0,0.0
0,MN22,m,861.0,0.0,0.0,0.0,0.0,0.0
0,MN22,c,1784.0,0.0,0.0,0.0,0.0,0.0
0,MN22,i,24097.0,0.0,0.0,0.0,0.0,0.0
0,MN22,h,17394.0,0.0,0.0,0.0,0.0,0.0
0,MN23,m,1934.0,0.0,0.0,0.0,0.0,0.0
0,MN23,c,2074.0,0.0,0.0,0.0,0.0,0.0
0,MN23,i,36515.0,0.0,0.0,0.0,0.0,0.0
0,MN23,h,26357.0,0.0,0.0,0.0,0.0,0.0
0,MN24,m,1315.0,0.0,0.0,0.0,0.0,0.0
0,MN24,c,1246.0,0.0,0.0,0.0,0.0,0.0
0,MN24,i,23336.0,0.0,0.0,0.0,0.0,0.0
0,MN24,h,16845.0,0.0,0.0,0.0,0.0,0.0
0,MN25,m,1122.0,0.0,0.0,0.0,0.0,0.0
0,MN25,c,1257.0,0.0,0.0,0.0,0.0,0.0
0,MN25,i,21675.0,0.0,0.0,0.0,0.0,0.0
0,MN25,h,15645.0,0.0,0.0,0.0,0.0,0.0
0,MN27,m,1170.0,0.0,0.0,0.0,0.0,0.0
0,MN27,c,1697.0,0.0,0.0,0.0,0.0,0.0
0,MN27,i,26122.0,0.0,0.0,0.0,0.0,0.0
0,MN27,h,18855.0,0.0,0.0,0.0,0.0,0.0
0,MN28,m,1349.0,0.0,0.0,0.0,0.0,0.0
0,MN28,c,3024.0,0.0,0.0,0.0,0.0,0.0
0,MN28,i,39833.0,0.0,0.0,0.0,0.0,0.0
0,MN28,h,28751.0,0.0,0.0,0.0,0.0,0.0
0,MN31,m,1577.0,0.0,0.0,0.0,0.0,0.0
0,MN31,c,3264.0,0.0,0.0,0.0,0.0,0.0
0,MN31,i,44100.0,0.0,0.0,0.0,0.0,0.0
0,MN31,h,31830.0,0.0,0.0,0.0,0.0,0.0
0,MN32,m,1975.0,0.0,0.0,0.0,0.0,0.0
0,MN32,c,2696.0,0.0,0.0,0.0,0.0,0.0
0,MN32,i,42555.0,0.0,0.0,0.0,0.0,0.0
0,MN32,h,30716.0,0.0,0.0,0.0,0.0,0.0
0,MN33,m,1617.0,0.0,0.0,0.0,0.0,0.0
0,MN33,c,1853.0,0.0,0.0,0.0,0.0,0.0
0,MN33,i,31613.0,0.0,0.0,0.0,0.0,0.0
0,MN33,h,22819.0,0.0,0.0,0.0,0.0,0.0
0,MN34,m,1383.0,0.0,0.0,0.0,0.0,0.0
0,MN34,c,2094.0,0.0,0.0,0.0,0.0,0.0
0,MN34,i,31677.0,0.0,0.0,0.0,0.0,0.0
0,MN34,h,22865.0,0.0,0.0,0.0,0.0,0.0
0,MN35,m,1744.0,0.0,0.0,0.0,0.0,0.0
0,MN35,c,2279.0,0.0,0.0,0.0,0.0,0.0
0,MN35,i,36655.0,0.0,0.0,0.0,0.0,0.0
0,MN35,h,26458.0,0.0,0.0,0.0,0.0,0.0
0,MN36,m,2345.0,0.0,0.0,0.0,0.0,0.0
0,MN36,c,2716.0,0.0,0.0,0.0,0.0,0.0
0,MN36,i,46102.0,0.0,0.0,0.0,0.0,0.0
0,MN36,h,33275.0,0.0,0.0,0.0,0.0,0.0
0,MN40,m,1702.0,0.0,0.0,0.0,0.0,0.0
0,MN40,c,1966.0,0.0,0.0,0.0,0.0,0.0
0,MN40,i,33418.0,0.0,0.0,0.0,0.0,0.0
0,MN40,h,24121.0,0.0,0.0,0.0,0.0,0.0
0,MN50,m,447.0,0.0,0.0,0.0,0.0,0.0
0,MN50,c,814.0,0.0,0.0,0.0,0.0,0.0
0,MN50,i,11492.0,0.0,0.0,0.0,0.0,0.0
0,MN50,h,8296.0,0.0,0.0,0.0,0.0,0.0
0,MN99,m,40.0,0.0,0.0,0.0,0.0,0.0
0,MN99,c,70.0,0.0,0.0,0.0,0.0,0.0
0,MN99,i,1009.0,0.0,0.0,0.0,0.0,0.0
0,MN99,h,730.0,0.0,0.0,0.0,0.0,0.0
0,QN01,m,526.0,0.0,0.0,0.0,0.0,0.0
0,QN01,c,11162.0,0.0,0.0,0.0,0.0,0.0
0,QN01,i,10700.0,0.0,0.0,0.0,0.0,0.0
0,QN01,h,16506.0,0.0,0.0,0.0,0.0,0.0
0,QN02,m,0.0,0.0,0.0,0.0,0.0,0.0
0,QN02,c,7635.0,0.0,0.0,0.0,0.0,0.0
0,QN02,i,6990.0,0.0,0.0,0.0,0.0,0.0
0,QN02,h,10784.0,0.0,0.0,0.0,0.0,0.0
0,QN03,m,0.0,0.0,0.0,0.0,0.0,0.0
0,QN03,c,6050.0,0.0,0.0,0.0,0.0,0.0
0,QN03,i,5538.0,0.0,0.0,0.0,0.0,0.0
0,QN03,h,8544.0,0.0,0.0,0.0,0.0,0.0
0,QN05,m,0.0,0.0,0.0,0.0,0.0,0.0
0,QN05,c,7531.0,0.0,0.0,0.0,0.0,0.0
0,QN05,i,6895.0,0.0,0.0,0.0,0.0,0.0
0,QN05,h,10637.0,0.0,0.0,0.0,0.0,0.0
0,QN06,m,680.0,0.0,0.0,0.0,0.0,0.0
0,QN06,c,6976.0,0.0,0.0,0.0,0.0,0.0
0,QN06,i,7009.0,0.0,0.0,0.0,0.0,0.0
0,QN06,h,10815.0,0.0,0.0,0.0,0.0,0.0
0,QN07,m,0.0,0.0,0.0,0.0,0.0,0.0
0,QN07,c,6091.0,0.0,0.0,0.0,0.0,0.0
0,QN07,i,5576.0,0.0,0.0,0.0,0.0,0.0
0,QN07,h,8602.0,0.0,0.0,0.0,0.0,0.0
0,QN08,m,0.0,0.0,0.0,0.0,0.0,0.0
0,QN08,c,14603.0,0.0,0.0,0.0,0.0,0.0
0,QN08,i,13368.0,0.0,0.0,0.0,0.0,0.0
0,QN08,h,20622.0,0.0,0.0,0.0,0.0,0.0
0,QN10,m,0.0,0.0,0.0,0.0,0.0,0.0
0,QN10,c,8419.0,0.0,0.0,0.0,0.0,0.0
0,QN10,i,7708.0,0.0,0.0,0.0,0.0,0.0
0,QN10,h,11891.0,0.0,0.0,0.0,0.0,0.0
0,QN12,m,4947.0,0.0,0.0,0.0,0.0,0.0
0,QN12,c,6137.0,0.0,0.0,0.0,0.0,0.0
0,QN12,i,10147.0,0.0,0.0,0.0,0.0,0.0
0,QN12,h,15654.0,0.0,0.0,0.0,0.0,0.0
0,QN15,m,6942.0,0.0,0.0,0.0,0.0,0.0
0,QN15,c,8100.0,0.0,0.0,0.0,0.0,0.0
0,QN15,i,13771.0,0.0,0.0,0.0,0.0,0.0
0,QN15,h,21245.0,0.0,0.0,0.0,0.0,0.0
0,QN17,m,10640.0,0.0,0.0,0.0,0.0,0.0
0,QN17,c,14521.0,0.0,0.0,0.0,0.0,0.0
0,QN17,i,23034.0,0.0,0.0,0.0,0.0,0.0
0,QN17,h,35533.0,0.0,0.0,0.0,0.0,0.0
0,QN18,m,3022.0,0.0,0.0,0.0,0.0,0.0
0,QN18,c,5470.0,0.0,0.0,0.0,0.0,0.0
0,QN18,i,7774.0,0.0,0.0,0.0,0.0,0.0
0,QN18,h,11994.0,0.0,0.0,0.0,0.0,0.0
0,QN19,m,0.0,0.0,0.0,0.0,0.0,0.0
0,QN19,c,9765.0,0.0,0.0,0.0,0.0,0.0
0,QN19,i,8940.0,0.0,0.0,0.0,0.0,0.0
0,QN19,h,13791.0,0.0,0.0,0.0,0.0,0.0
0,QN20,m,8866.0,0.0,0.0,0.0,0.0,0.0
0,QN20,c,11964.0,0.0,0.0,0.0,0.0,0.0
0,QN20,i,19070.0,0.0,0.0,0.0,0.0,0.0
0,QN20,h,29417.0,0.0,0.0,0.0,0.0,0.0
0,QN21,m,953.0,0.0,0.0,0.0,0.0,0.0
0,QN21,c,10444.0,0.0,0.0,0.0,0.0,0.0
0,QN21,i,10434.0,0.0,0.0,0.0,0.0,0.0
0,QN21,h,16098.0,0.0,0.0,0.0,0.0,0.0
0,QN22,m,9800.0,0.0,0.0,0.0,0.0,0.0
0,QN22,c,11838.0,0.0,0.0,0.0,0.0,0.0
0,QN22,i,19810.0,0.0,0.0,0.0,0.0,0.0
0,QN22,h,30560.0,0.0,0.0,0.0,0.0,0.0
0,QN23,m,0.0,0.0,0.0,0.0,0.0,0.0
0,QN23,c,7295.0,0.0,0.0,0.0,0.0,0.0
0,QN23,i,6678.0,0.0,0.0,0.0,0.0,0.0
0,QN23,h,10302.0,0.0,0.0,0.0,0.0,0.0
0,QN25,m,2869.0,0.0,0.0,0.0,0.0,0.0
0,QN25,c,14458.0,0.0,0.0,0.0,0.0,0.0
0,QN25,i,15862.0,0.0,0.0,0.0,0.0,0.0
0,QN25,h,24469.0,0.0,0.0,0.0,0.0,0.0
0,QN26,m,6394.0,0.0,0.0,0.0,0.0,0.0
0,QN26,c,9243.0,0.0,0.0,0.0,0.0,0.0
0,QN26,i,14316.0,0.0,0.0,0.0,0.0,0.0
0,QN26,h,22084.0,0.0,0.0,0.0,0.0,0.0
0,QN27,m,0.0,0.0,0.0,0.0,0.0,0.0
0,QN27,c,6957.0,0.0,0.0,0.0,0.0,0.0
0,QN27,i,6368.0,0.0,0.0,0.0,0.0,0.0
0,QN27,h,9825.0,0.0,0.0,0.0,0.0,0.0
0,QN28,m,3176.0,0.0,0.0,0.0,0.0,0.0
0,QN28,c,29324.0,0.0,0.0,0.0,0.0,0.0
0,QN28,i,29754.0,0.0,0.0,0.0,0.0,0.0
0,QN28,h,45898.0,0.0,0.0,0.0,0.0,0.0
0,QN29,m,11156.0,0.0,0.0,0.0,0.0,0.0
0,QN29,c,15418.0,0.0,0.0,0.0,0.0,0.0
0,QN29,i,24327.0,0.0,0.0,0.0,0.0,0.0
0,QN29,h,37526.0,0.0,0.0,0.0,0.0,0.0
0,QN30,m,0.0,0.0,0.0,0.0,0.0,0.0
0,QN30,c,9170.0,0.0,0.0,0.0,0.0,0.0
0,QN30,i,8395.0,0.0,0.0,0.0,0.0,0.0
0,QN30,h,12951.0,0.0,0.0,0.0,0.0,0.0
0,QN31,m,6008.0,0.0,0.0,0.0,0.0,0.0
0,QN31,c,13005.0,0.0,0.0,0.0,0.0,0.0
0,QN31,i,17406.0,0.0,0.0,0.0,0.0,0.0
0,QN31,h,26852.0,0.0,0.0,0.0,0.0,0.0
0,QN33,m,0.0,0.0,0.0,0.0,0.0,0.0
0,QN33,c,5612.0,0.0,0.0,0.0,0.0,0.0
0,QN33,i,5138.0,0.0,0.0,0.0,0.0,0.0
0,QN33,h,7927.0,0.0,0.0,0.0,0.0,0.0
0,QN34,m,0.0,0.0,0.0,0.0,0.0,0.0
0,QN34,c,15778.0,0.0,0.0,0.0,0.0,0.0
0,QN34,i,14444.0,0.0,0.0,0.0,0.0,0.0
0,QN34,h,22282.0,0.0,0.0,0.0,0.0,0.0
0,QN35,m,3239.0,0.0,0.0,0.0,0.0,0.0
0,QN35,c,8522.0,0.0,0.0,0.0,0.0,0.0
0,QN35,i,10767.0,0.0,0.0,0.0,0.0,0.0
0,QN35,h,16610.0,0.0,0.0,0.0,0.0,0.0
0,QN37,m,0.0,0.0,0.0,0.0,0.0,0.0
0,QN37,c,11263.0,0.0,0.0,0.0,0.0,0.0
0,QN37,i,10311.0,0.0,0.0,0.0,0.0,0.0
0,QN37,h,15905.0,0.0,0.0,0.0,0.0,0.0
0,QN38,m,0.0,0.0,0.0,0.0,0.0,0.0
0,QN38,c,10227.0,0.0,0.0,0.0,0.0,0.0
0,QN38,i,9363.0,0.0,0.0,0.0,0.0,0.0
0,QN38,h,14444.0,0.0,0.0,0.0,0.0,0.0
0,QN41,m,0.0,0.0,0.0,0.0,0.0,0.0
0,QN41,c,5352.0,0.0,0.0,0.0,0.0,0.0
0,QN41,i,4900.0,0.0,0.0,0.0,0.0,0.0
0,QN41,h,7560.0,0.0,0.0,0.0,0.0,0.0
0,QN42,m,0.0,0.0,0.0,0.0,0.0,0.0
0,QN42,c,8485.0,0.0,0.0,0.0,0.0,0.0
0,QN42,i,7768.0,0.0,0.0,0.0,0.0,0.0
0,QN42,h,11984.0,0.0,0.0,0.0,0.0,0.0
0,QN43,m,0.0,0.0,0.0,0.0,0.0,0.0
0,QN43,c,7599.0,0.0,0.0,0.0,0.0,0.0
0,QN43,i,6956.0,0.0,0.0,0.0,0.0,0.0
0,QN43,h,10732.0,0.0,0.0,0.0,0.0,0.0
0,QN44,m,0.0,0.0,0.0,0.0,0.0,0.0
0,QN44,c,6783.0,0.0,0.0,0.0,0.0,0.0
0,QN44,i,6209.0,0.0,0.0,0.0,0.0,0.0
0,QN44,h,9579.0,0.0,0.0,0.0,0.0,0.0
0,QN45,m,0.0,0.0,0.0,0.0,0.0,0.0
0,QN45,c,7434.0,0.0,0.0,0.0,0.0,0.0
0,QN45,i,6806.0,0.0,0.0,0.0,0.0,0.0
0,QN45,h,10499.0,0.0,0.0,0.0,0.0,0.0
0,QN46,m,0.0,0.0,0.0,0.0,0.0,0.0
0,QN46,c,13165.0,0.0,0.0,0.0,0.0,0.0
0,QN46,i,12052.0,0.0,0.0,0.0,0.0,0.0
0,QN46,h,18591.0,0.0,0.0,0.0,0.0,0.0
0,QN47,m,0.0,0.0,0.0,0.0,0.0,0.0
0,QN47,c,6536.0,0.0,0.0,0.0,0.0,0.0
0,QN47,i,5984.0,0.0,0.0,0.0,0.0,0.0
0,QN47,h,9231.0,0.0,0.0,0.0,0.0,0.0
0,QN48,m,0.0,0.0,0.0,0.0,0.0,0.0
0,QN48,c,6009.0,0.0,0.0,0.0,0.0,0.0
0,QN48,i,5501.0,0.0,0.0,0.0,0.0,0.0
0,QN48,h,8486.0,0.0,0.0,0.0,0.0,0.0
0,QN49,m,0.0,0.0,0.0,0.0,0.0,0.0
0,QN49,c,9247.0,0.0,0.0,0.0,0.0,0.0
0,QN49,i,8466.0,0.0,0.0,0.0,0.0,0.0
0,QN49,h,13060.0,0.0,0.0,0.0,0.0,0.0
0,QN50,m,1219.0,0.0,0.0,0.0,0.0,0.0
0,QN50,c,6449.0,0.0,0.0,0.0,0.0,0.0
0,QN50,i,7021.0,0.0,0.0,0.0,0.0,0.0
0,QN50,h,10832.0,0.0,0.0,0.0,0.0,0.0
0,QN51,m,0.0,0.0,0.0,0.0,0.0,0.0
0,QN51,c,15548.0,0.0,0.0,0.0,0.0,0.0
0,QN51,i,14234.0,0.0,0.0,0.0,0.0,0.0
0,QN51,h,21957.0,0.0,0.0,0.0,0.0,0.0
0,QN52,m,0.0,0.0,0.0,0.0,0.0,0.0
0,QN52,c,8108.0,0.0,0.0,0.0,0.0,0.0
0,QN52,i,7423.0,0.0,0.0,0.0,0.0,0.0
0,QN52,h,11451.0,0.0,0.0,0.0,0.0,0.0
0,QN53,m,5303.0,0.0,0.0,0.0,0.0,0.0
0,QN53,c,11728.0,0.0,0.0,0.0,0.0,0.0
0,QN53,i,15591.0,0.0,0.0,0.0,0.0,0.0
0,QN53,h,24052.0,0.0,0.0,0.0,0.0,0.0
0,QN54,m,5803.0,0.0,0.0,0.0,0.0,0.0
0,QN54,c,13123.0,0.0,0.0,0.0,0.0,0.0
0,QN54,i,17327.0,0.0,0.0,0.0,0.0,0.0
0,QN54,h,26729.0,0.0,0.0,0.0,0.0,0.0
0,QN55,m,1024.0,0.0,0.0,0.0,0.0,0.0
0,QN55,c,21778.0,0.0,0.0,0.0,0.0,0.0
0,QN55,i,20875.0,0.0,0.0,0.0,0.0,0.0
0,QN55,h,32201.0,0.0,0.0,0.0,0.0,0.0
0,QN56,m,1861.0,0.0,0.0,0.0,0.0,0.0
0,QN56,c,4562.0,0.0,0.0,0.0,0.0,0.0
0,QN56,i,5880.0,0.0,0.0,0.0,0.0,0.0
0,QN56,h,9073.0,0.0,0.0,0.0,0.0,0.0
0,QN57,m,205.0,0.0,0.0,0.0,0.0,0.0
0,QN57,c,7652.0,0.0,0.0,0.0,0.0,0.0
0,QN57,i,7193.0,0.0,0.0,0.0,0.0,0.0
0,QN57,h,11098.0,0.0,0.0,0.0,0.0,0.0
0,QN60,m,1761.0,0.0,0.0,0.0,0.0,0.0
0,QN60,c,5233.0,0.0,0.0,0.0,0.0,0.0
0,QN60,i,6404.0,0.0,0.0,0.0,0.0,0.0
0,QN60,h,9880.0,0.0,0.0,0.0,0.0,0.0
0,QN61,m,4354.0,0.0,0.0,1.0,0.0,0.0
0,QN61,c,11798.0,0.0,0.0,0.0,0.0,0.0
0,QN61,i,14787.0,0.0,0.0,0.0,0.0,0.0
0,QN61,h,22811.0,0.0,0.0,0.0,0.0,0.0
0,QN62,m,0.0,0.0,0.0,0.0,0.0,0.0
0,QN62,c,6250.0,0.0,0.0,0.0,0.0,0.0
0,QN62,i,5722.0,0.0,0.0,0.0,0.0,0.0
0,QN62,h,8828.0,0.0,0.0,0.0,0.0,0.0
0,QN63,m,4960.0,0.0,0.0,0.0,0.0,0.0
0,QN63,c,8592.0,0.0,0.0,0.0,0.0,0.0
0,QN63,i,12407.0,0.0,0.0,0.0,0.0,0.0
0,QN63,h,19140.0,0.0,0.0,0.0,0.0,0.0
0,QN66,m,0.0,0.0,0.0,0.0,0.0,0.0
0,QN66,c,7348.0,0.0,0.0,0.0,0.0,0.0
0,QN66,i,6727.0,0.0,0.0,0.0,0.0,0.0
0,QN66,h,10378.0,0.0,0.0,0.0,0.0,0.0
0,QN68,m,1966.0,0.0,0.0,0.0,0.0,0.0
0,QN68,c,4052.0,0.0,0.0,0.0,0.0,0.0
0,QN68,i,5510.0,0.0,0.0,0.0,0.0,0.0
0,QN68,h,8502.0,0.0,0.0,0.0,0.0,0.0
0,QN70,m,7890.0,0.0,0.0,0.0,0.0,0.0
0,QN70,c,15788.0,0.0,0.0,0.0,0.0,0.0
0,QN70,i,21677.0,0.0,0.0,0.0,0.0,0.0
0,QN70,h,33438.0,0.0,0.0,0.0,0.0,0.0
0,QN71,m,1801.0,0.0,0.0,0.0,0.0,0.0
0,QN71,c,6556.0,0.0,0.0,0.0,0.0,0.0
0,QN71,i,7652.0,0.0,0.0,0.0,0.0,0.0
0,QN71,h,11805.0,0.0,0.0,0.0,0.0,0.0
0,QN72,m,4034.0,0.0,0.0,0.0,0.0,0.0
0,QN72,c,10250.0,0.0,0.0,0.0,0.0,0.0
0,QN72,i,13077.0,0.0,0.0,0.0,0.0,0.0
0,QN72,h,20173.0,0.0,0.0,0.0,0.0,0.0
0,QN76,m,0.0,0.0,0.0,0.0,0.0,0.0
0,QN76,c,10398.0,0.0,0.0,0.0,0.0,0.0
0,QN76,i,9519.0,0.0,0.0,0.0,0.0,0.0
0,QN76,h,14686.0,0.0,0.0,0.0,0.0,0.0
0,QN99,m,38.0,0.0,0.0,0.0,0.0,0.0
0,QN99,c,92.0,0.0,0.0,0.0,0.0,0.0
0,QN99,i,119.0,0.0,0.0,0.0,0.0,0.0
0,QN99,h,187.0,0.0,0.0,0.0,0.0,0.0
0,SI01,m,1956.0,0.0,0.0,0.0,0.0,0.0
0,SI01,c,5346.0,0.0,0.0,0.0,0.0,0.0
0,SI01,i,9265.0,0.0,0.0,0.0,0.0,0.0
0,SI01,h,11203.0,0.0,0.0,0.0,0.0,0.0
0,SI05,m,0.0,0.0,0.0,0.0,0.0,0.0
0,SI05,c,10412.0,0.0,0.0,0.0,0.0,0.0
0,SI05,i,13211.0,0.0,0.0,0.0,0.0,0.0
0,SI05,h,15974.0,0.0,0.0,0.0,0.0,0.0
0,SI07,m,0.0,0.0,0.0,0.0,0.0,0.0
0,SI07,c,6338.0,0.0,0.0,0.0,0.0,0.0
0,SI07,i,8041.0,0.0,0.0,0.0,0.0,0.0
0,SI07,h,9723.0,0.0,0.0,0.0,0.0,0.0
0,SI08,m,0.0,0.0,0.0,0.0,0.0,0.0
0,SI08,c,5906.0,0.0,0.0,0.0,0.0,0.0
0,SI08,i,7493.0,0.0,0.0,0.0,0.0,0.0
0,SI08,h,9061.0,0.0,0.0,0.0,0.0,0.0
0,SI11,m,1406.0,0.0,0.0,0.0,0.0,0.0
0,SI11,c,4724.0,0.0,0.0,0.0,0.0,0.0
0,SI11,i,7778.0,0.0,0.0,0.0,0.0,0.0
0,SI11,h,9405.0,0.0,0.0,0.0,0.0,0.0
0,SI12,m,0.0,0.0,0.0,0.0,0.0,0.0
0,SI12,c,8276.0,0.0,0.0,0.0,0.0,0.0
0,SI12,i,10501.0,0.0,0.0,0.0,0.0,0.0
0,SI12,h,12697.0,0.0,0.0,0.0,0.0,0.0
0,SI14,m,402.0,0.0,0.0,0.0,0.0,0.0
0,SI14,c,3826.0,0.0,0.0,0.0,0.0,0.0
0,SI14,i,5364.0,0.0,0.0,0.0,0.0,0.0
0,SI14,h,6487.0,0.0,0.0,0.0,0.0,0.0
0,SI22,m,0.0,0.0,0.0,0.0,0.0,0.0
0,SI22,c,8823.0,0.0,0.0,0.0,0.0,0.0
0,SI22,i,11194.0,0.0,0.0,0.0,0.0,0.0
0,SI22,h,13534.0,0.0,0.0,0.0,0.0,0.0
0,SI24,m,0.0,0.0,0.0,0.0,0.0,0.0
0,SI24,c,8076.0,0.0,0.0,0.0,0.0,0.0
0,SI24,i,10247.0,0.0,0.0,0.0,0.0,0.0
0,SI24,h,12391.0,0.0,0.0,0.0,0.0,0.0
0,SI25,m,1985.0,0.0,0.0,0.0,0.0,0.0
0,SI25,c,3812.0,0.0,0.0,0.0,0.0,0.0
0,SI25,i,7356.0,0.0,0.0,0.0,0.0,0.0
0,SI25,h,8896.0,0.0,0.0,0.0,0.0,0.0
0,SI28,m,0.0,0.0,0.0,0.0,0.0,0.0
0,SI28,c,5309.0,0.0,0.0,0.0,0.0,0.0
0,SI28,i,6736.0,0.0,0.0,0.0,0.0,0.0
0,SI28,h,8146.0,0.0,0.0,0.0,0.0,0.0
0,SI32,m,0.0,0.0,0.0,0.0,0.0,0.0
0,SI32,c,5460.0,0.0,0.0,0.0,0.0,0.0
0,SI32,i,6927.0,0.0,0.0,0.0,0.0,0.0
0,SI32,h,8376.0,0.0,0.0,0.0,0.0,0.0
0,SI35,m,0.0,0.0,0.0,0.0,0.0,0.0
0,SI35,c,4608.0,0.0,0.0,0.0,0.0,0.0
0,SI35,i,5847.0,0.0,0.0,0.0,0.0,0.0
0,SI35,h,7070.0,0.0,0.0,0.0,0.0,0.0
0,SI36,m,1046.0,0.0,0.0,1.0,0.0,0.0
0,SI36,c,5483.0,0.0,0.0,0.0,0.0,0.0
0,SI36,i,8286.0,0.0,0.0,0.0,0.0,0.0
0,SI36,h,10019.0,0.0,0.0,0.0,0.0,0.0
0,SI37,m,2719.0,0.0,0.0,0.0,0.0,0.0
0,SI37,c,4236.0,0.0,0.0,0.0,0.0,0.0
0,SI37,i,8826.0,0.0,0.0,0.0,0.0,0.0
0,SI37,h,10672.0,0.0,0.0,0.0,0.0,0.0
0,SI45,m,996.0,0.0,0.0,0.0,0.0,0.0
0,SI45,c,4761.0,0.0,0.0,0.0,0.0,0.0
0,SI45,i,7305.0,0.0,0.0,0.0,0.0,0.0
0,SI45,h,8834.0,0.0,0.0,0.0,0.0,0.0
0,SI48,m,0.0,0.0,0.0,0.0,0.0,0.0
0,SI48,c,6636.0,0.0,0.0,0.0,0.0,0.0
0,SI48,i,8420.0,0.0,0.0,0.0,0.0,0.0
0,SI48,h,10182.0,0.0,0.0,0.0,0.0,0.0
0,SI54,m,5324.0,0.0,0.0,0.0,0.0,0.0
0,SI54,c,5384.0,0.0,0.0,0.0,0.0,0.0
0,SI54,i,13586.0,0.0,0.0,0.0,0.0,0.0
0,SI54,h,16426.0,0.0,0.0,0.0,0.0,0.0
1,BK09,m,2854.995352561531,0.0046474384689617655,0.0,0.0,0.0,0.0
1,BK09,c,3898.9986012871345,0.0013987128652918302,0.0,0.0,0.0,0.0
1,BK09,i,7462.994990361906,0.0050096380938523056,0.0,0.0,0.0,0.0
1,BK09,h,8670.0,0.0,0.0,0.0,0.0,0.0
1,BK17,m,1852.9970861005531,0.0029138994469584943,0.0,0.0,0.0,0.0
1,BK17,c,17186.994059447374,0.005940552625980721,0.0,0.0,0.0,0.0
1,BK17,i,21038.98640600789,0.013593992109703794,0.0,0.0,0.0,0.0
1,BK17,h,24439.0,0.0,0.0,0.0,0.0,0.0
1,BK19,m,4019.9935253782023,0.006474621797816684,0.0,0.0,0.0,0.0
1,BK19,c,6469.997705410565,0.002294589435104264,0.0,0.0,0.0,0.0
1,BK19,i,11590.992310336436,0.007689663564380156,0.0,0.0,0.0,0.0
1,BK19,h,13466.0,0.0,0.0,0.0,0.0,0.0
1,BK21,m,1778.9971261356282,0.0028738643719217155,0.0,0.0,0.0,0.0
1,BK21,c,7652.997277084501,0.0027229154993644636,0.0,0.0,0.0,0.0
1,BK21,i,10422.993062261772,0.006937738228053457,0.0,0.0,0.0,0.0
1,BK21,h,12110.0,0.0,0.0,0.0,0.0,0.0
1,BK23,m,2281.996269117364,0.003730882635977813,0.0,0.0,0.0,0.0
1,BK23,c,2955.9989345951644,0.0010654048356247968,0.0,0.0,0.0,0.0
1,BK23,i,5787.996095991842,0.003904008158249488,0.0,0.0,0.0,0.0
1,BK23,h,6724.0,0.0,0.0,0.0,0.0,0.0
1,BK25,m,3189.9948995546592,0.005100445340687226,0.0,0.0,0.0,0.0
1,BK25,c,9886.996521014242,0.0034789857586635577,0.0,0.0,0.0,0.0
1,BK25,i,14450.990489963502,0.009510036497271779,0.0,0.0,0.0,0.0
1,BK25,h,16788.0,0.0,0.0,0.0,0.0,0.0
1,BK26,m,3896.99369126462,0.006308735380247354,0.0,0.0,0.0,0.0
1,BK26,c,4789.9982918328415,0.0017081671589059073,0.0,0.0,0.0,0.0
1,BK26,i,9597.993596394224,0.0064036057764294075,0.0,0.0,0.0,0.0
1,BK26,h,11151.0,0.0,0.0,0.0,0.0,0.0
1,BK27,m,2434.996059690501,0.003940309498864549,0.0,0.0,0.0,0.0
1,BK27,c,6397.997719423373,0.002280576626348222,0.0,0.0,0.0,0.0
1,BK27,i,9759.993491302499,0.006508697500867681,0.0,0.0,0.0,0.0
1,BK27,h,11338.0,0.0,0.0,0.0,0.0,0.0
1,BK28,m,8905.98626631912,0.013733680879655404,0.0,0.0,0.0,0.0
1,BK28,c,17278.994151780364,0.005848219635559898,0.0,0.0,0.0,0.0
1,BK28,i,28932.981703749447,0.018296250552290453,0.0,0.0,0.0,0.0
1,BK28,h,33609.0,0.0,0.0,0.0,0.0,0.0
1,BK29,m,6976.989014649711,0.010985350288943931,0.0,0.0,0.0,0.0
1,BK29,c,11608.995982014449,0.0040179855510212095,0.0,0.0,0.0,0.0
1,BK29,i,20535.986712611488,0.013287388513834751,0.0,0.0,0.0,0.0
1,BK29,h,23856.0,0.0,0.0,0.0,0.0,0.0
1,BK30,m,896.9985635389065,0.0014364610934642311,0.0,0.0,0.0,0.0
1,BK30,c,11620.995903927875,0.0040960721252919635,0.0,0.0,0.0,0.0
1,BK30,i,13831.990881477086,0.009118522914058961,0.0,0.0,0.0,0.0
1,BK30,h,16069.0,0.0,0.0,0.0,0.0,0.0
1,BK31,m,9877.98465253643,0.015347463569031878,0.0,0.0,0.0,0.0
1,BK31,c,13544.995378460748,0.00462153925283748,0.0,0.0,0.0,0.0
1,BK31,i,25881.98349721022,0.016502789779062683,0.0,0.0,0.0,0.0
1,BK31,h,30066.0,0.0,0.0,0.0,0.0,0.0
1,BK32,m,5928.990596076306,0.009403923693736448,0.0,0.0,0.0,0.0
1,BK32,c,10018.996504905224,0.003495094776412396,0.0,0.0,0.0,0.0
1,BK32,i,17621.988505548095,0.011494451904886047,0.0,0.0,0.0,0.0
1,BK32,h,20471.0,0.0,0.0,0.0,0.0,0.0
1,BK33,m,2523.9959443496095,0.004055650390527184,0.0,0.0,0.0,0.0
1,BK33,c,8793.996889055583,0.0031109444170378826,0.0,0.0,0.0,0.0
1,BK33,i,12505.991724749945,0.008275250054420103,0.0,0.0,0.0,0.0
1,BK33,h,14529.0,0.0,0.0,0.0,0.0,0.0
1,BK34,m,3892.993916960843,0.006083039156956408,0.0,0.0,0.0,0.0
1,BK34,c,17454.99400790938,0.0059920906191494264,0.0,0.0,0.0,0.0
1,BK34,i,23588.98486483042,0.015135169577876778,0.0,0.0,0.0,0.0
1,BK34,h,27403.0,0.0,0.0,0.0,0.0,0.0
1,BK35,m,5205.991806626233,0.008193373767233472,0.0,0.0,0.0,0.0
1,BK35,c,13534.995317569848,0.004682430152015656,0.0,0.0,0.0,0.0
1,BK35,i,20707.986607666036,0.01339233396452564,0.0,0.0,0.0,0.0
1,BK35,h,24055.0,0.0,0.0,0.0,0.0,0.0
1,BK37,m,7591.988091768195,0.011908231804820748,0.0,0.0,0.0,0.0
1,BK37,c,12371.995735421526,0.004264578474938963,0.0,0.0,0.0,0.0
1,BK37,i,22059.98578632615,0.014213673851887725,0.0,0.0,0.0,0.0
1,BK37,h,25625.0,0.0,0.0,0.0,0.0,0.0
1,BK38,m,5056.9918480167835,0.008151983216846594,0.0,0.0,0.0,0.0
1,BK38,c,5121.998181758808,0.0018182411924903884,0.0,0.0,0.0,0.0
1,BK38,i,11247.992530633133,0.007469366866071472,0.0,0.0,0.0,0.0
1,BK38,h,13068.0,0.0,0.0,0.0,0.0,0.0
1,BK40,m,2376.996124445466,0.0038755545338876834,0.0,0.0,0.0,0.0
1,BK40,c,3815.9986286925564,0.0013713074434162772,0.0,0.0,0.0,0.0
1,BK40,i,6843.995397708858,0.004602291142324404,0.0,0.0,0.0,0.0
1,BK40,h,7951.0,0.0,0.0,0.0,0.0,0.0
1,BK41,m,3665.9941021556474,0.005897844352749078,0.0,0.0,0.0,0.0
1,BK41,c,7220.997442160602,0.0025578393976256474,0.0,0.0,0.0,0.0
1,BK41,i,12028.992029650652,0.007970349349256937,0.0,0.0,0.0,0.0
1,BK41,h,13975.0,0.0,0.0,0.0,0.0,0.0
1,BK42,m,12190.98145402316,0.01854597684035941,0.0,0.0,0.0,0.0
1,BK42,c,19033.99365087283,0.006349127169646916,0.0,0.0,0.0,0.0
1,BK42,i,34501.978505160354,0.0214948396479536,0.0,0.0,0.0,0.0
1,BK42,h,40077.0,0.0,0.0,0.0,0.0,0.0
1,BK43,m,5600.991107487877,0.008892512123012682,0.0,0.0,0.0,0.0
1,BK43,c,9990.996510949477,0.003489050522549075,0.0,0.0,0.0,0.0
1,BK43,i,17228.98874957625,0.011250423750457714,0.0,0.0,0.0,0.0
1,BK43,h,20014.0,0.0,0.0,0.0,0.0,0.0
1,BK44,m,1916.9969211459186,0.003078854081488604,0.0,0.0,0.0,0.0
1,BK44,c,9566.996617312949,0.003382687050405388,0.0,0.0,0.0,0.0
1,BK44,i,12689.991607355907,0.008392644092877754,0.0,0.0,0.0,0.0
1,BK44,h,14743.0,0.0,0.0,0.0,0.0,0.0
1,BK45,m,0.0,0.0,0.0,0.0,0.0,0.0
1,BK45,c,13347.99530700849,0.004692991509409798,0.0,0.0,0.0,0.0
1,BK45,i,14748.990301980595,0.009698019404563801,0.0,0.0,0.0,0.0
1,BK45,h,17134.0,0.0,0.0,0.0,0.0,0.0
1,BK46,m,2198.9964125726647,0.0035874273354861734,0.0,0.0,0.0,0.0
1,BK46,c,3789.998637179911,0.0013628200889931788,0.0,0.0,0.0,0.0
1,BK46,i,6618.995546139521,0.004453860478957796,0.0,0.0,0.0,0.0
1,BK46,h,7691.0,0.0,0.0,0.0,0.0,0.0
1,BK50,m,3477.994614988613,0.00538501138698738,0.0,0.0,0.0,0.0
1,BK50,c,21220.992786401577,0.0072135984219419465,0.0,0.0,0.0,0.0
1,BK50,i,27290.982665294112,0.01733470588689639,0.0,0.0,0.0,0.0
1,BK50,h,31703.0,0.0,0.0,0.0,0.0,0.0
1,BK58,m,0.0,0.0,0.0,0.0,0.0,0.0
1,BK58,c,19111.99339549903,0.006604500969890743,0.0,0.0,0.0,0.0
1,BK58,i,21117.98635795673,0.013642043266892986,0.0,0.0,0.0,0.0
1,BK58,h,24532.0,0.0,0.0,0.0,0.0,0.0
1,BK60,m,7928.9875612523,0.01243874769976598,0.0,0.0,0.0,0.0
1,BK60,c,11978.995870200959,0.004129799041887729,0.0,0.0,0.0,0.0
1,BK60,i,21997.985823858573,0.014176141425709112,0.0,0.0,0.0,0.0
1,BK60,h,25553.0,0.0,0.0,0.0,0.0,0.0
1,BK61,m,8667.986786023988,0.013213976010999813,0.0,0.0,0.0,0.0
1,BK61,c,21778.99271899604,0.007281003958651063,0.0,0.0,0.0,0.0
1,BK61,i,33641.97899294703,0.021007052971734063,0.0,0.0,0.0,0.0
1,BK61,h,39080.0,0.0,0.0,0.0,0.0,0.0
1,BK63,m,5177.991688936401,0.008311063599179729,0.0,0.0,0.0,0.0
1,BK63,c,6528.997693042957,0.002306957042962776,0.0,0.0,0.0,0.0
1,BK63,i,12935.991450587257,0.008549412743128596,0.0,0.0,0.0,0.0
1,BK63,h,15027.0,0.0,0.0,0.0,0.0,0.0
1,BK64,m,2174.996450373946,0.003549626053665706,0.0,0.0,0.0,0.0
1,BK64,c,3681.9986754712268,0.001324528773410294,0.0,0.0,0.0,0.0
1,BK64,i,6471.995643218318,0.0043567816822785085,0.0,0.0,0.0,0.0
1,BK64,h,7520.0,0.0,0.0,0.0,0.0,0.0
1,BK68,m,2814.99542999529,0.004570004709713261,0.0,0.0,0.0,0.0
1,BK68,c,4879.998254437079,0.0017455629210968557,0.0,0.0,0.0,0.0
1,BK68,i,8503.994308549269,0.005691450731671228,0.0,0.0,0.0,0.0
1,BK68,h,9880.0,0.0,0.0,0.0,0.0,0.0
1,BK69,m,4543.992676795918,0.007323204082163376,0.0,0.0,0.0,0.0
1,BK69,c,5721.997969308126,0.002030691874201009,0.0,0.0,0.0,0.0
1,BK69,i,11344.992468279585,0.007531720415230281,0.0,0.0,0.0,0.0
1,BK69,h,13180.0,0.0,0.0,0.0,0.0,0.0
1,BK72,m,3211.994815389037,0.005184610963379512,0.0,0.0,0.0,0.0
1,BK72,c,6503.997687900757,0.002312099242811981,0.0,0.0,0.0,0.0
1,BK72,i,10736.992859614435,0.007140385564908091,0.0,0.0,0.0,0.0
1,BK72,h,12473.0,0.0,0.0,0.0,0.0,0.0
1,BK73,m,5517.991188007387,0.00881199261338443,0.0,0.0,0.0,0.0
1,BK73,c,7989.997192174695,0.00280782530490927,0.0,0.0,0.0,0.0
1,BK73,i,14925.990190471024,0.009809528975743057,0.0,0.0,0.0,0.0
1,BK73,h,17340.0,0.0,0.0,0.0,0.0,0.0
1,BK75,m,8158.987234248268,0.012765751732404662,0.0,0.0,0.0,0.0
1,BK75,c,12709.995630620098,0.004369379900716506,0.0,0.0,0.0,0.0
1,BK75,i,23058.98518336203,0.014816637968961578,0.0,0.0,0.0,0.0
1,BK75,h,26785.0,0.0,0.0,0.0,0.0,0.0
1,BK76,m,3525.9943170835545,0.00568291644548017,0.0,0.0,0.0,0.0
1,BK76,c,6719.997614971347,0.0023850286532167914,0.0,0.0,0.0,0.0
1,BK76,i,11320.992483712684,0.0075162873165083455,0.0,0.0,0.0,0.0
1,BK76,h,13152.0,0.0,0.0,0.0,0.0,0.0
1,BK77,m,7133.988713604386,0.011286395613340347,0.0,0.0,0.0,0.0
1,BK77,c,9726.996616042245,0.0033839577553229816,0.0,0.0,0.0,0.0
1,BK77,i,18631.987880820066,0.012119179933502554,0.0,0.0,0.0,0.0
1,BK77,h,21645.0,0.0,0.0,0.0,0.0,0.0
1,BK78,m,9167.985671689834,0.014328310165993058,0.0,0.0,0.0,0.0
1,BK78,c,12109.995841917927,0.004158082072917904,0.0,0.0,0.0,0.0
1,BK78,i,23510.984911656564,0.01508834343782971,0.0,0.0,0.0,0.0
1,BK78,h,27312.0,0.0,0.0,0.0,0.0,0.0
1,BK79,m,4098.993378152736,0.006621847264191987,0.0,0.0,0.0,0.0
1,BK79,c,5324.998105328939,0.0018946710610469352,0.0,0.0,0.0,0.0
1,BK79,i,10412.993068725324,0.006931274677143735,0.0,0.0,0.0,0.0
1,BK79,h,12098.0,0.0,0.0,0.0,0.0,0.0
1,BK81,m,7772.987714388495,0.012285611505185099,0.0,0.0,0.0,0.0
1,BK81,c,9431.996722032105,0.0032779678945572027,0.0,0.0,0.0,0.0
1,BK81,i,19010.98764729377,0.012352706231124175,0.0,0.0,0.0,0.0
1,BK81,h,22084.0,0.0,0.0,0.0,0.0,0.0
1,BK82,m,5172.992043437948,0.007956562051911868,0.0,0.0,0.0,0.0
1,BK82,c,21964.992586330285,0.007413669714143469,0.0,0.0,0.0,0.0
1,BK82,i,29986.98109100553,0.018908994470193452,0.0,0.0,0.0,0.0
1,BK82,h,34833.0,0.0,0.0,0.0,0.0,0.0
1,BK83,m,6725.989289495699,0.01071050430075538,0.0,0.0,0.0,0.0
1,BK83,c,7799.997267345529,0.0027326544709491106,0.0,0.0,0.0,0.0
1,BK83,i,16050.98948428323,0.010515716770864202,0.0,0.0,0.0,0.0
1,BK83,h,18646.0,0.0,0.0,0.0,0.0,0.0
1,BK85,m,3836.9937879115337,0.0062120884662285126,0.0,0.0,0.0,0.0
1,BK85,c,4821.998280276611,0.001719723388913319,0.0,0.0,0.0,0.0
1,BK85,i,9567.993615858351,0.006384141648110069,0.0,0.0,0.0,0.0
1,BK85,h,11116.0,0.0,0.0,0.0,0.0,0.0
1,BK88,m,9363.985760909261,0.014239090737908714,0.0,0.0,0.0,0.0
1,BK88,c,22022.992657274805,0.0073427251950093425,0.0,0.0,0.0,0.0
1,BK88,i,34681.97840337527,0.021596624728547228,0.0,0.0,0.0,0.0
1,BK88,h,40288.0,0.0,0.0,0.0,0.0,0.0
1,BK90,m,3312.994657873205,0.005342126794775064,0.0,0.0,0.0,0.0
1,BK90,c,6766.99759707672,0.0024029232802185887,0.0,0.0,0.0,0.0
1,BK90,i,11137.992601375541,0.007398624458747554,0.0,0.0,0.0,0.0
1,BK90,h,12940.0,0.0,0.0,0.0,0.0,0.0
1,BK91,m,2277.996375895007,0.003624104992885119,0.0,0.0,0.0,0.0
1,BK91,c,12581.99559644806,0.004403551940735459,0.0,0.0,0.0,0.0
1,BK91,i,16419.98925362712,0.010746372877884769,0.0,0.0,0.0,0.0
1,BK91,h,19075.0,0.0,0.0,0.0,0.0,0.0
1,BK93,m,0.0,0.0,0.0,0.0,0.0,0.0
1,BK93,c,3940.9985738485693,0.001426151430505602,0.0,0.0,0.0,0.0
1,BK93,i,4353.997051055878,0.0029489441220749884,0.0,0.0,0.0,0.0
1,BK93,h,5059.0,0.0,0.0,0.0,0.0,0.0
1,BK95,m,3790.993865451533,0.006134548466818637,0.0,0.0,0.0,0.0
1,BK95,c,5042.998202426518,0.0017975734814422962,0.0,0.0,0.0,0.0
1,BK95,i,9761.993490011044,0.00650998895537561,0.0,0.0,0.0,0.0
1,BK95,h,11342.0,0.0,0.0,0.0,0.0,0.0
1,BK96,m,1293.9979497685233,0.0020502314767840268,0.0,0.0,0.0,0.0
1,BK96,c,15032.994761744389,0.00523825561228378,0.0,0.0,0.0,0.0
1,BK96,i,18040.988245955054,0.01175404494783801,0.0,0.0,0.0,0.0
1,BK96,h,20958.0,0.0,0.0,0.0,0.0,0.0
1,BK99,m,0.0,0.0,0.0,0.0,0.0,0.0
1,BK99,c,122.99995495441632,4.50455836710468e-05,0.0,0.0,0.0,0.0
1,BK99,i,135.9999067507505,9.324924947951117e-05,0.0,0.0,0.0,0.0
1,BK99,h,159.0,0.0,0.0,0.0,0.0,0.0
1,BX01,m,1578.9981788696332,0.0018211303667419938,0.0,0.0,0.0,0.0
1,BX01,c,7690.997390439541,0.002609560459021426,0.0,0.0,0.0,0.0
1,BX01,i,8770.992017769384,0.00798223061607317,0.0,0.0,0.0,0.0
1,BX01,h,13037.0,0.0,0.0,0.0,0.0,0.0
1,BX03,m,4217.995151626466,0.00484837353361697,0.0,0.0,0.0,0.0
1,BX03,c,6078.997944760263,0.002055239736855664,0.0,0.0,0.0,0.0
1,BX03,i,9741.991193787006,0.008806212993499526,0.0,0.0,0.0,0.0
1,BX03,h,14478.0,0.0,0.0,0.0,0.0,0.0
1,BX05,m,6713.99243053662,0.0075694633795820926,0.0,0.0,0.0,0.0
1,BX05,c,9518.996846908045,0.0031530919543465183,0.0,0.0,0.0,0.0
1,BX05,i,15356.986638682996,0.013361317004216111,0.0,0.0,0.0,0.0
1,BX05,h,22825.0,0.0,0.0,0.0,0.0,0.0
1,BX06,m,815.9990554269161,0.0009445730839266503,0.0,0.0,0.0,0.0
1,BX06,c,7350.997496143867,0.002503856133058966,0.0,0.0,0.0,0.0
1,BX06,i,7726.992916218648,0.007083781352095573,0.0,0.0,0.0,0.0
1,BX06,h,11484.0,0.0,0.0,0.0,0.0,0.0
1,BX07,m,4505.994825774068,0.005174225931631146,0.0,0.0,0.0,0.0
1,BX07,c,6095.997941196274,0.002058803725561631,0.0,0.0,0.0,0.0
1,BX07,i,10029.9909515395,0.009048460500741274,0.0,0.0,0.0,0.0
1,BX07,h,14906.0,0.0,0.0,0.0,0.0,0.0
1,BX08,m,3479.996001859307,0.003998140693223067,0.0,0.0,0.0,0.0
1,BX08,c,6964.997646421622,0.00235357837721418,0.0,0.0,0.0,0.0
1,BX08,i,9880.99107676953,0.00892323047004118,0.0,0.0,0.0,0.0
1,BX08,h,14685.0,0.0,0.0,0.0,0.0,0.0
1,BX09,m,0.0,0.0,0.0,0.0,0.0,0.0
1,BX09,c,16015.994690890268,0.005309109732097586,0.0,0.0,0.0,0.0
1,BX09,i,15151.986798907123,0.0132010928773083,0.0,0.0,0.0,0.0
1,BX09,h,22518.0,0.0,0.0,0.0,0.0,0.0
1,BX10,m,0.0,0.0,0.0,0.0,0.0,0.0
1,BX10,c,7929.997296679034,0.0027033209665207327,0.0,0.0,0.0,0.0
1,BX10,i,7501.993111614959,0.006888385040476653,0.0,0.0,0.0,0.0
1,BX10,h,11151.0,0.0,0.0,0.0,0.0,0.0
1,BX13,m,1621.9981523536087,0.0018476463912399526,0.0,0.0,0.0,0.0
1,BX13,c,11429.996172367233,0.0038276327672285178,0.0,0.0,0.0,0.0
1,BX13,i,12347.989036348277,0.010963651723087308,0.0,0.0,0.0,0.0
1,BX13,h,18352.0,0.0,0.0,0.0,0.0,0.0
1,BX14,m,6684.99251993531,0.007480064690287284,0.0,0.0,0.0,0.0
1,BX14,c,11895.996090852297,0.003909147701967002,0.0,0.0,0.0,0.0
1,BX14,i,17577.98492978493,0.015070215071852357,0.0,0.0,0.0,0.0
1,BX14,h,26125.0,0.0,0.0,0.0,0.0,0.0
1,BX17,m,3266.996277315419,0.003722684581000938,0.0,0.0,0.0,0.0
1,BX17,c,9686.99675495765,0.003245042349004959,0.0,0.0,0.0,0.0
1,BX17,i,12254.989112033001,0.010887966998522519,0.0,0.0,0.0,0.0
1,BX17,h,18214.0,0.0,0.0,0.0,0.0,0.0
1,BX22,m,0.0,0.0,0.0,0.0,0.0,0.0
1,BX22,c,8310.99717058131,0.00282941869034247,0.0,0.0,0.0,0.0
1,BX22,i,7862.992798432238,0.007201567762273695,0.0,0.0,0.0,0.0
1,BX22,h,11686.0,0.0,0.0,0.0,0.0,0.0
1,BX26,m,3825.995616032047,0.004383967952789761,0.0,0.0,0.0,0.0
1,BX26,c,7428.997496687943,0.0025033120569294518,0.0,0.0,0.0,0.0
1,BX26,i,10647.990434929967,0.009565070032946424,0.0,0.0,0.0,0.0
1,BX26,h,15824.0,0.0,0.0,0.0,0.0,0.0
1,BX27,m,980.9988642332095,0.0011357667905692315,0.0,0.0,0.0,0.0
1,BX27,c,7133.997569614622,0.002430385378097434,0.0,0.0,0.0,0.0
1,BX27,i,7677.992958706937,0.007041293062352065,0.0,0.0,0.0,0.0
1,BX27,h,11411.0,0.0,0.0,0.0,0.0,0.0
1,BX28,m,4444.994967722391,0.005032277608707346,0.0,0.0,0.0,0.0
1,BX28,c,10500.99650628588,0.003493714120493561,0.0,0.0,0.0,0.0
1,BX28,i,14139.987596671992,0.012403328008858783,0.0,0.0,0.0,0.0
1,BX28,h,21014.0,0.0,0.0,0.0,0.0,0.0
1,BX29,m,2499.99711403161,0.002885968389969752,0.0,0.0,0.0,0.0
1,BX29,c,6496.997793455022,0.00220654497883493,0.0,0.0,0.0,0.0
1,BX29,i,8511.992239449957,0.007760550042441091,0.0,0.0,0.0,0.0
1,BX29,h,12652.0,0.0,0.0,0.0,0.0,0.0
1,BX30,m,3222.9962879593054,0.003712040694737486,0.0,0.0,0.0,0.0
1,BX30,c,6470.997807627062,0.002192372938479171,0.0,0.0,0.0,0.0
1,BX30,i,9170.99167700496,0.00832299504040956,0.0,0.0,0.0,0.0
1,BX30,h,13631.0,0.0,0.0,0.0,0.0,0.0
1,BX31,m,2609.9969833056034,0.003016694396606578,0.0,0.0,0.0,0.0
1,BX31,c,6011.997955489417,0.002044510583281311,0.0,0.0,0.0,0.0
1,BX31,i,8156.992544589125,0.007455410875047019,0.0,0.0,0.0,0.0
1,BX31,h,12124.0,0.0,0.0,0.0,0.0,0.0
1,BX33,m,3398.996060830955,0.003939169045227914,0.0,0.0,0.0,0.0
1,BX33,c,4414.998494325115,0.0015056748852071053,0.0,0.0,0.0,0.0
1,BX33,i,7392.993206470716,0.006793529283678669,0.0,0.0,0.0,0.0
1,BX33,h,10989.0,0.0,0.0,0.0,0.0,0.0
1,BX34,m,4006.9954153106733,0.0045846893266577185,0.0,0.0,0.0,0.0
1,BX34,c,7690.997412386786,0.0025876132138258844,0.0,0.0,0.0,0.0
1,BX34,i,11066.990087223276,0.009912776725220394,0.0,0.0,0.0,0.0
1,BX34,h,16449.0,0.0,0.0,0.0,0.0,0.0
1,BX35,m,2559.9970670565153,0.0029329434847918403,0.0,0.0,0.0,0.0
1,BX35,c,8734.997057032286,0.0029429677143910514,0.0,0.0,0.0,0.0
1,BX35,i,10685.9904033714,0.009596628601290475,0.0,0.0,0.0,0.0
1,BX35,h,15884.0,0.0,0.0,0.0,0.0,0.0
1,BX36,m,4876.994500395059,0.005499604940989218,0.0,0.0,0.0,0.0
1,BX36,c,11287.996260077058,0.0037399229431595363,0.0,0.0,0.0,0.0
1,BX36,i,15292.986688671714,0.013311328286114917,0.0,0.0,0.0,0.0
1,BX36,h,22730.0,0.0,0.0,0.0,0.0,0.0
1,BX37,m,1117.9987082341393,0.0012917658606959677,0.0,0.0,0.0,0.0
1,BX37,c,7607.99741367282,0.0025863271799377585,0.0,0.0,0.0,0.0
1,BX37,i,8254.992460197598,0.0075398024019949165,0.0,0.0,0.0,0.0
1,BX37,h,12269.0,0.0,0.0,0.0,0.0,0.0
1,BX39,m,7000.992091716355,0.007908283644778455,0.0,0.0,0.0,0.0
1,BX39,c,8634.997133886249,0.002866113751595005,0.0,0.0,0.0,0.0
1,BX39,i,14791.98708152155,0.012918478449719587,0.0,0.0,0.0,0.0
1,BX39,h,21985.0,0.0,0.0,0.0,0.0,0.0
1,BX40,m,3623.9958086490774,0.004191350922667086,0.0,0.0,0.0,0.0
1,BX40,c,4806.998364180127,0.0016358198729458393,0.0,0.0,0.0,0.0
1,BX40,i,7975.992700758697,0.007299241302962881,0.0,0.0,0.0,0.0
1,BX40,h,11855.0,0.0,0.0,0.0,0.0,0.0
1,BX41,m,7260.991793221745,0.008206778255000468,0.0,0.0,0.0,0.0
1,BX41,c,8193.99727858034,0.0027214196594381877,0.0,0.0,0.0,0.0
1,BX41,i,14620.98721620868,0.012783791320238097,0.0,0.0,0.0,0.0
1,BX41,h,21731.0,0.0,0.0,0.0,0.0,0.0
1,BX43,m,5149.9941148890675,0.005885110932288202,0.0,0.0,0.0,0.0
1,BX43,c,6929.997671503856,0.002328496144319106,0.0,0.0,0.0,0.0
1,BX43,i,11427.989789229709,0.010210770291873785,0.0,0.0,0.0,0.0
1,BX43,h,16986.0,0.0,0.0,0.0,0.0,0.0
1,BX44,m,7019.992137853956,0.007862146044005931,0.0,0.0,0.0,0.0
1,BX44,c,11273.99629164231,0.0037083576898524037,0.0,0.0,0.0,0.0
1,BX44,i,17306.985135541094,0.014864458904549984,0.0,0.0,0.0,0.0
1,BX44,h,25720.0,0.0,0.0,0.0,0.0,0.0
1,BX46,m,2736.996839381809,0.0031606181910760174,0.0,0.0,0.0,0.0
1,BX46,c,6158.997907505958,0.002092494041762554,0.0,0.0,0.0,0.0
1,BX46,i,8415.992321819715,0.007678180285782165,0.0,0.0,0.0,0.0
1,BX46,h,12509.0,0.0,0.0,0.0,0.0,0.0
1,BX49,m,2908.9966415956605,0.0033584043394313426,0.0,0.0,0.0,0.0
1,BX49,c,6061.997941002916,0.002058997083565124,0.0,0.0,0.0,0.0
1,BX49,i,8486.992260898041,0.007739101958810058,0.0,0.0,0.0,0.0
1,BX49,h,12615.0,0.0,0.0,0.0,0.0,0.0
1,BX52,m,0.0,0.0,0.0,0.0,0.0,0.0
1,BX52,c,13175.995589556936,0.004410443063248737,0.0,0.0,0.0,0.0
1,BX52,i,12464.988941291245,0.011058708754939148,0.0,0.0,0.0,0.0
1,BX52,h,18526.0,0.0,0.0,0.0,0.0,0.0
1,BX55,m,3775.9956644392096,0.004335560790237088,0.0,0.0,0.0,0.0
1,BX55,c,6853.997685427297,0.0023145727031441523,0.0,0.0,0.0,0.0
1,BX55,i,10056.990928883326,0.009071116673251013,0.0,0.0,0.0,0.0
1,BX55,h,14947.0,0.0,0.0,0.0,0.0,0.0
1,BX59,m,3255.9962304834803,0.0037695165195339242,0.0,0.0,0.0,0.0
1,BX59,c,4871.998340301057,0.0016596989421850774,0.0,0.0,0.0,0.0
1,BX59,i,7689.992948318363,0.007051681636388958,0.0,0.0,0.0,0.0
1,BX59,h,11430.0,0.0,0.0,0.0,0.0,0.0
1,BX62,m,5759.993430576536,0.0065694234637585424,0.0,0.0,0.0,0.0
1,BX62,c,6912.997681975602,0.0023180243975081207,0.0,0.0,0.0,0.0
1,BX62,i,11989.989328168334,0.010671831665475681,0.0,0.0,0.0,0.0
1,BX62,h,17820.0,0.0,0.0,0.0,0.0,0.0
1,BX63,m,5460.993752102814,0.006247897185620273,0.0,0.0,0.0,0.0
1,BX63,c,6257.997894663204,0.0021053367964454566,0.0,0.0,0.0,0.0
1,BX63,i,11085.990071514674,0.00992848532614332,0.0,0.0,0.0,0.0
1,BX63,h,16477.0,0.0,0.0,0.0,0.0,0.0
1,BX75,m,2243.9973840503144,0.0026159496854461684,0.0,0.0,0.0,0.0
1,BX75,c,3804.9986942589576,0.001305741042329905,0.0,0.0,0.0,0.0
1,BX75,i,5721.994679293483,0.005320706516228634,0.0,0.0,0.0,0.0
1,BX75,h,8506.0,0.0,0.0,0.0,0.0,0.0
1,BX98,m,0.0,0.0,0.0,0.0,0.0,0.0
1,BX98,c,3307.998853709539,0.0011462904607311528,0.0,0.0,0.0,0.0
1,BX98,i,3129.9970346497407,0.002965350259364783,0.0,0.0,0.0,0.0
1,BX98,h,4653.0,0.0,0.0,0.0,0.0,0.0
1,BX99,m,219.9997387536389,0.0002612463610933243,0.0,0.0,0.0,0.0
1,BX99,c,347.99987821991306,0.00012178008691608573,0.0,0.0,0.0,0.0
1,BX99,i,536.999481475133,0.0005185248669650566,0.0,0.0,0.0,0.0
1,BX99,h,801.0,0.0,0.0,0.0,0.0,0.0
1,MN01,m,1270.9966037255429,0.0033962744571328714,0.0,0.0,0.0,0.0
1,MN01,c,1529.9990349039983,0.0009650960017123251,0.0,0.0,0.0,0.0
1,MN01,i,25521.991600901343,0.00839909865664486,0.0,0.0,0.0,0.0
1,MN01,h,18423.0,0.0,0.0,0.0,0.0,0.0
1,MN03,m,1583.9958185135763,0.004181486423670203,0.0,0.0,0.0,0.0
1,MN03,c,2927.9981789782996,0.0018210217005434103,0.0,0.0,0.0,0.0
1,MN03,i,41102.98662935272,0.013370647276837825,0.0,0.0,0.0,0.0
1,MN03,h,29667.0,0.0,0.0,0.0,0.0,0.0
1,MN04,m,1350.9963926992725,0.00360730072742697,0.0,0.0,0.0,0.0
1,MN04,c,1556.9990187407495,0.0009812592504223165,0.0,0.0,0.0,0.0
1,MN04,i,26490.99128833119,0.008711668809787635,0.0,0.0,0.0,0.0
1,MN04,h,19121.0,0.0,0.0,0.0,0.0,0.0
1,MN06,m,481.99869875728876,0.001301242711243369,0.0,0.0,0.0,0.0
1,MN06,c,892.9994299491113,0.0005700508886637832,0.0,0.0,0.0,0.0
1,MN06,i,12529.995835946793,0.004164053207778085,0.0,0.0,0.0,0.0
1,MN06,h,9045.0,0.0,0.0,0.0,0.0,0.0
1,MN09,m,1597.99574668736,0.004253312639893673,0.0,0.0,0.0,0.0
1,MN09,c,1753.9988986511012,0.0011013488987751524,0.0,0.0,0.0,0.0
1,MN09,i,30535.989988431018,0.010011568981055702,0.0,0.0,0.0,0.0
1,MN09,h,22041.0,0.0,0.0,0.0,0.0,0.0
1,MN11,m,1080.9971072584697,0.002892741530427845,0.0,0.0,0.0,0.0
1,MN11,c,1518.9990402334215,0.000959766578399386,0.0,0.0,0.0,0.0
1,MN11,i,23685.992194379498,0.007805620502342744,0.0,0.0,0.0,0.0
1,MN11,h,17097.0,0.0,0.0,0.0,0.0,0.0
1,MN12,m,3334.991404077442,0.008595922557870969,0.0,0.0,0.0,0.0
1,MN12,c,4598.99721781225,0.0027821877499085153,0.0,0.0,0.0,0.0
1,MN12,i,72275.97701932136,0.022980678641228196,0.0,0.0,0.0,0.0
1,MN12,h,52168.0,0.0,0.0,0.0,0.0,0.0
1,MN13,m,1884.9950130843465,0.004986915653413894,0.0,0.0,0.0,0.0
1,MN13,c,2318.9985540883113,0.001445911688588295,0.0,0.0,0.0,0.0
1,MN13,i,38300.987514930515,0.012485069487567127,0.0,0.0,0.0,0.0
1,MN13,h,27645.0,0.0,0.0,0.0,0.0,0.0
1,MN14,m,1566.9958390793784,0.004160920621575947,0.0,0.0,0.0,0.0
1,MN14,c,2117.998673752489,0.0013262475109605799,0.0,0.0,0.0,0.0
1,MN14,i,33571.98901792308,0.010982076918706306,0.0,0.0,0.0,0.0
1,MN14,h,24232.0,0.0,0.0,0.0,0.0,0.0
1,MN15,m,825.9977920063169,0.002207993683154035,0.0,0.0,0.0,0.0
1,MN15,c,1922.9987864852794,0.0012135147206762144,0.0,0.0,0.0,0.0
1,MN15,i,25051.991752667345,0.008247332655655934,0.0,0.0,0.0,0.0
1,MN15,h,18083.0,0.0,0.0,0.0,0.0,0.0
1,MN17,m,775.9970855194524,0.0029144805476152996,0.0,1.6,0.4,0.0
1,MN17,c,936.9988431688917,0.0011568311083403405,0.0,0.0,0.0,0.0
1,MN17,i,15630.987161241537,0.012838758463626558,0.0,0.0,0.0,0.0
1,MN17,h,11283.53145584352,0.46854415647921765,0.0,0.0,0.0,0.0
1,MN19,m,1184.9968396063111,0.0031603936888807875,0.0,0.0,0.0,0.0
1,MN19,c,1884.998813629229,0.0011863707709217645,0.0,0.0,0.0,0.0
1,MN19,i,27970.990811807213,0.009188192787373543,0.0,0.0,0.0,0.0
1,MN19,h,20190.0,0.0,0.0,0.0,0.0,0.0
1,MN20,m,1074.9971323760699,0.002867623930048005,0.0,0.0,0.0,0.0
1,MN20,c,1965.998762348845,0.0012376511549738562,0.0,0.0,0.0,0.0
1,MN20,i,27703.990897697015,0.009102302983919107,0.0,0.0,0.0,0.0
1,MN20,h,19997.0,0.0,0.0,0.0,0.0,0.0
1,MN21,m,619.9983298474212,0.0016701525787388412,0.0,0.0,0.0,0.0
1,MN21,c,1056.9993269696654,0.000673030334560672,0.0,0.0,0.0,0.0
1,MN21,i,15280.994932260333,0.005067739665760476,0.0,0.0,0.0,0.0
1,MN21,h,11030.0,0.0,0.0,0.0,0.0,0.0
1,MN22,m,860.9976967202729,0.0023032797270837596,0.0,0.0,0.0,0.0
1,MN22,c,1783.9988732192544,0.0011267807455349922,0.0,0.0,0.0,0.0
1,MN22,i,24096.992061384313,0.00793861568616228,0.0,0.0,0.0,0.0
1,MN22,h,17394.0,0.0,0.0,0.0,0.0,0.0
1,MN23,m,1933.994876338325,0.005123661675031323,0.0,0.0,0.0,0.0
1,MN23,c,2073.998704760184,0.0012952398161291873,0.0,0.0,0.0,0.0
1,MN23,i,36514.98808132903,0.01191867097330172,0.0,0.0,0.0,0.0
1,MN23,h,26357.0,0.0,0.0,0.0,0.0,0.0
1,MN24,m,1314.9964801087551,0.0035198912448789386,0.0,0.0,0.0,0.0
1,MN24,c,1245.9992124739383,0.0007875260615993542,0.0,0.0,0.0,0.0
1,MN24,i,23335.99230770118,0.00769229881862789,0.0,0.0,0.0,0.0
1,MN24,h,16845.0,0.0,0.0,0.0,0.0,0.0
1,MN25,m,1121.9969927858149,0.003007214185227838,0.0,0.0,0.0,0.0
1,MN25,c,1256.999204311912,0.0007956880879847649,0.0,0.0,0.0,0.0
1,MN25,i,21674.99284630298,0.007153697020924239,0.0,0.0,0.0,0.0
1,MN25,h,15645.0,0.0,0.0,0.0,0.0,0.0
1,MN27,m,1169.9968750816874,0.0031249183124491637,0.0,0.0,0.0,0.0
1,MN27,c,1696.998930149102,0.001069850897927586,0.0,0.0,0.0,0.0
1,MN27,i,26121.991407304416,0.00859269558279924,0.0,0.0,0.0,0.0
1,MN27,h,18855.0,0.0,0.0,0.0,0.0,0.0
1,MN28,m,1348.9964353622568,0.0035646377431779396,0.0,0.0,0.0,0.0
1,MN28,c,3023.9981171207737,0.0018828792260633196,0.0,0.0,0.0,0.0
1,MN28,i,39832.98703028868,0.012969711324059933,0.0,0.0,0.0,0.0
1,MN28,h,28751.0,0.0,0.0,0.0,0.0,0.0
1,MN31,m,1576.9958466495655,0.004153350434570278,0.0,0.0,0.0,0.0
1,MN31,c,3263.997975471116,0.0020245288835848848,0.0,0.0,0.0,0.0
1,MN31,i,44099.98568620189,0.014313798109322677,0.0,0.0,0.0,0.0
1,MN31,h,31830.0,0.0,0.0,0.0,0.0,0.0
1,MN32,m,1974.9947922091662,0.005207790833733479,0.0,0.0,0.0,0.0
1,MN32,c,2695.9983254564495,0.0016745435505321283,0.0,0.0,0.0,0.0
1,MN32,i,42554.98617189235,0.013828107647804993,0.0,0.0,0.0,0.0
1,MN32,h,30716.0,0.0,0.0,0.0,0.0,0.0
1,MN33,m,1616.9956997397912,0.0043002602087796145,0.0,0.0,0.0,0.0
1,MN33,c,1852.9988376264582,0.0011623735417987241,0.0,0.0,0.0,0.0
1,MN33,i,31612.989643649842,0.010356350159084853,0.0,0.0,0.0,0.0
1,MN33,h,22819.0,0.0,0.0,0.0,0.0,0.0
1,MN34,m,1382.9963222245258,0.003677775474201791,0.0,0.0,0.0,0.0
1,MN34,c,2093.9986865250876,0.0013134749123739837,0.0,0.0,0.0,0.0
1,MN34,i,31676.989623177855,0.01037682214587711,0.0,0.0,0.0,0.0
1,MN34,h,22865.0,0.0,0.0,0.0,0.0,0.0
1,MN35,m,1743.9953801997929,0.004619800207082264,0.0,0.0,0.0,0.0
1,MN35,c,2278.9985769148557,0.0014230851441858325,0.0,0.0,0.0,0.0
1,MN35,i,36654.98803687463,0.011963125368779325,0.0,0.0,0.0,0.0
1,MN35,h,26458.0,0.0,0.0,0.0,0.0,0.0
1,MN36,m,2344.993833521769,0.006166478231004713,0.0,0.0,0.0,0.0
1,MN36,c,2715.998318396651,0.0016816033490414633,0.0,0.0,0.0,0.0
1,MN36,i,46101.985058501195,0.01494149880614481,0.0,0.0,0.0,0.0
1,MN36,h,33275.0,0.0,0.0,0.0,0.0,0.0
1,MN40,m,1701.9954800651265,0.004519934873556579,0.0,0.0,0.0,0.0
1,MN40,c,1965.9987687598857,0.0012312401142686377,0.0,0.0,0.0,0.0
1,MN40,i,33417.989067046234,0.010932953764038324,0.0,0.0,0.0,0.0
1,MN40,h,24121.0,0.0,0.0,0.0,0.0,0.0
1,MN50,m,446.9987922512551,0.001207748744873201,0.0,0.0,0.0,0.0
1,MN50,c,813.9994798802843,0.000520119715674467,0.0,0.0,0.0,0.0
1,MN50,i,11491.996177901156,0.003822098844994489,0.0,0.0,0.0,0.0
1,MN50,h,8296.0,0.0,0.0,0.0,0.0,0.0
1,MN99,m,39.999891016827696,0.00010898317230687115,0.0,0.0,0.0,0.0
1,MN99,c,69.99995483431434,4.5165685668210156e-05,0.0,0.0,0.0,0.0
1,MN99,i,1008.9996617345562,0.0003382654438040043,0.0,0.0,0.0,0.0
1,MN99,h,730.0,0.0,0.0,0.0,0.0,0.0
1,QN01,m,525.9992092318173,0.0007907681826886863,0.0,0.0,0.0,0.0
1,QN01,c,11161.995461101847,0.004538898151697818,0.0,0.0,0.0,0.0
1,QN01,i,10699.995200039883,0.004799960117588324,0.0,0.0,0.0,0.0
1,QN01,h,16506.0,0.0,0.0,0.0,0.0,0.0
1,QN02,m,0.0,0.0,0.0,0.0,0.0,0.0
1,QN02,c,7634.9968484510055,0.003151548994600554,0.0,0.0,0.0,0.0
1,QN02,i,6989.996812525861,0.0031874741390364343,0.0,0.0,0.0,0.0
1,QN02,h,10784.0,0.0,0.0,0.0,0.0,0.0
1,QN03,m,0.0,0.0,0.0,0.0,0.0,0.0
1,QN03,c,6049.99748786277,0.0025121372298669118,0.0,0.0,0.0,0.0
1,QN03,i,5537.997458213813,0.002541786186675978,0.0,0.0,0.0,0.0
1,QN03,h,8544.0,0.0,0.0,0.0,0.0,0.0
1,QN05,m,0.0,0.0,0.0,0.0,0.0,0.0
1,QN05,c,7530.996890175318,0.00310982468177068,0.0,0.0,0.0,0.0
1,QN05,i,6894.996854513093,0.0031454869064949957,0.0,0.0,0.0,0.0
1,QN05,h,10637.0,0.0,0.0,0.0,0.0,0.0
1,QN06,m,679.9989634934174,0.0010365065826359952,0.0,0.0,0.0,0.0
1,QN06,c,6975.99712069959,0.0028793004105024654,0.0,0.0,0.0,0.0
1,QN06,i,7008.9968041397315,0.003195860268380238,0.0,0.0,0.0,0.0
1,QN06,h,10815.0,0.0,0.0,0.0,0.0,0.0
1,QN07,m,0.0,0.0,0.0,0.0,0.0,0.0
1,QN07,c,6090.997471228472,0.0025287715277578044,0.0,0.0,0.0,0.0
1,QN07,i,5575.9974412051115,0.002558794888261483,0.0,0.0,0.0,0.0
1,QN07,h,8602.0,0.0,0.0,0.0,0.0,0.0
1,QN08,m,0.0,0.0,0.0,0.0,0.0,0.0
1,QN08,c,14602.994124697674,0.0058753023255360606,0.0,0.0,0.0,0.0
1,QN08,i,13367.994072472973,0.005927527027693237,0.0,0.0,0.0,0.0
1,QN08,h,20622.0,0.0,0.0,0.0,0.0,0.0
1,QN10,m,0.0,0.0,0.0,0.0,0.0,0.0
1,QN10,c,8418.996534953696,0.003465046303554542,0.0,0.0,0.0,0.0
1,QN10,i,7707.996496312368,0.0035036876312711175,0.0,0.0,0.0,0.0
1,QN10,h,11891.0,0.0,0.0,0.0,0.0,0.0
1,QN12,m,4946.992547557007,0.007452442992580947,0.0,0.0,0.0,0.0
1,QN12,c,6136.997498919094,0.0025010809059872116,0.0,0.0,0.0,0.0
1,QN12,i,10146.995437065441,0.00456293455858031,0.0,0.0,0.0,0.0
1,QN12,h,15654.0,0.0,0.0,0.0,0.0,0.0
1,QN15,m,6941.9896814865015,0.010318513498812581,0.0,0.0,0.0,0.0
1,QN15,c,8099.996746284861,0.0032537151388053495,0.0,0.0,0.0,0.0
1,QN15,i,13770.993904415393,0.006095584606815488,0.0,0.0,0.0,0.0
1,QN15,h,21245.0,0.0,0.0,0.0,0.0,0.0
1,QN17,m,10639.984705578025,0.01529442197452922,0.0,0.0,0.0,0.0
1,QN17,c,14520.99437338255,0.005626617451405217,0.0,0.0,0.0,0.0
1,QN17,i,23033.990196744504,0.009803255496181029,0.0,0.0,0.0,0.0
1,QN17,h,35533.0,0.0,0.0,0.0,0.0,0.0
1,QN18,m,3021.995406884484,0.0045931155159294355,0.0,0.0,0.0,0.0
1,QN18,c,5469.997749295019,0.002250704980746147,0.0,0.0,0.0,0.0
1,QN18,i,7773.996467355859,0.0035326441411561793,0.0,0.0,0.0,0.0
1,QN18,h,11994.0,0.0,0.0,0.0,0.0,0.0
1,QN19,m,0.0,0.0,0.0,0.0,0.0,0.0
1,QN19,c,9764.996000961415,0.003999038585311406,0.0,0.0,0.0,0.0
1,QN19,i,8939.995958404197,0.004041595803271029,0.0,0.0,0.0,0.0
1,QN19,h,13791.0,0.0,0.0,0.0,0.0,0.0
1,QN20,m,8865.987073428343,0.012926571656556444,0.0,0.0,0.0,0.0
1,QN20,c,11963.995292893705,0.004707106294824176,0.0,0.0,0.0,0.0
1,QN20,i,19069.991747853157,0.008252146842679053,0.0,0.0,0.0,0.0
1,QN20,h,29417.0,0.0,0.0,0.0,0.0,0.0
1,QN21,m,952.9985658809495,0.0014341190504446534,0.0,0.0,0.0,0.0
1,QN21,c,10443.995748544114,0.004251455885768916,0.0,0.0,0.0,0.0
1,QN21,i,10433.99531391641,0.0046860835891922616,0.0,0.0,0.0,0.0
1,QN21,h,16098.0,0.0,0.0,0.0,0.0,0.0
1,QN22,m,9799.985749700576,0.014250299423829351,0.0,0.0,0.0,0.0
1,QN22,c,11837.995355801133,0.004644198866870108,0.0,0.0,0.0,0.0
1,QN22,i,19809.991454366424,0.008545633576124955,0.0,0.0,0.0,0.0
1,QN22,h,30560.0,0.0,0.0,0.0,0.0,0.0
1,QN23,m,0.0,0.0,0.0,0.0,0.0,0.0
1,QN23,c,7294.996984967832,0.0030150321678208587,0.0,0.0,0.0,0.0
1,QN23,i,6677.996950563206,0.0030494367937726904,0.0,0.0,0.0,0.0
1,QN23,h,10302.0,0.0,0.0,0.0,0.0,0.0
1,QN25,m,2868.995768074117,0.004231925882657514,0.0,0.0,0.0,0.0
1,QN25,c,14457.994240005391,0.0057599946081775865,0.0,0.0,0.0,0.0
1,QN25,i,15861.993041740223,0.006958259777020812,0.0,0.0,0.0,0.0
1,QN25,h,24469.0,0.0,0.0,0.0,0.0,0.0
1,QN26,m,6393.9905150098,0.009484990199920312,0.0,0.0,0.0,0.0
1,QN26,c,9242.996295136321,0.003704863677753629,0.0,0.0,0.0,0.0
1,QN26,i,14315.99367805413,0.006321945869819672,0.0,0.0,0.0,0.0
1,QN26,h,22084.0,0.0,0.0,0.0,0.0,0.0
1,QN27,m,0.0,0.0,0.0,0.0,0.0,0.0
1,QN27,c,6956.997121033546,0.0028789664539021205,0.0,0.0,0.0,0.0
1,QN27,i,6367.997088102777,0.002911897223197743,0.0,0.0,0.0,0.0
1,QN27,h,9825.0,0.0,0.0,0.0,0.0,0.0
1,QN28,m,3175.9955411742244,0.004458825775595697,0.0,0.0,0.0,0.0
1,QN28,c,29323.988921809072,0.011078190926677906,0.0,0.0,0.0,0.0
1,QN28,i,29753.98768072981,0.012319270190033878,0.0,0.0,0.0,0.0
1,QN28,h,45898.0,0.0,0.0,0.0,0.0,0.0
1,QN29,m,11155.984037211678,0.015962788323110738,0.0,0.0,0.0,0.0
1,QN29,c,15417.994055165065,0.0059448349352645225,0.0,0.0,0.0,0.0
1,QN29,i,24326.989701772032,0.010298227968542177,0.0,0.0,0.0,0.0
1,QN29,h,37526.0,0.0,0.0,0.0,0.0,0.0
1,QN30,m,0.0,0.0,0.0,0.0,0.0,0.0
1,QN30,c,9169.99623635447,0.003763645531442833,0.0,0.0,0.0,0.0
1,QN30,i,8394.996195639662,0.003804360337316603,0.0,0.0,0.0,0.0
1,QN30,h,12951.0,0.0,0.0,0.0,0.0,0.0
1,QN31,m,6007.991187523634,0.008812476366256752,0.0,0.0,0.0,0.0
1,QN31,c,13004.994850103065,0.005149896934536533,0.0,0.0,0.0,0.0
1,QN31,i,17405.992414601416,0.007585398581886824,0.0,0.0,0.0,0.0
1,QN31,h,26852.0,0.0,0.0,0.0,0.0,0.0
1,QN33,m,0.0,0.0,0.0,0.0,0.0,0.0
1,QN33,c,5611.9976659090935,0.0023340909064051944,0.0,0.0,0.0,0.0
1,QN33,i,5137.997637564363,0.0023624356375410755,0.0,0.0,0.0,0.0
1,QN33,h,7927.0,0.0,0.0,0.0,0.0,0.0
1,QN34,m,0.0,0.0,0.0,0.0,0.0,0.0
1,QN34,c,15777.993678926632,0.006321073368743081,0.0,0.0,0.0,0.0
1,QN34,i,14443.993625061112,0.0063749388888349745,0.0,0.0,0.0,0.0
1,QN34,h,22282.0,0.0,0.0,0.0,0.0,0.0
1,QN35,m,3238.995131826812,0.004868173187749991,0.0,0.0,0.0,0.0
1,QN35,c,8521.996535559467,0.0034644405326501775,0.0,0.0,0.0,0.0
1,QN35,i,10766.995171403889,0.004828596111706745,0.0,0.0,0.0,0.0
1,QN35,h,16610.0,0.0,0.0,0.0,0.0,0.0
1,QN37,m,0.0,0.0,0.0,0.0,0.0,0.0
1,QN37,c,11262.995412873775,0.004587126224210652,0.0,0.0,0.0,0.0
1,QN37,i,10310.995366642175,0.0046333578244215756,0.0,0.0,0.0,0.0
1,QN37,h,15905.0,0.0,0.0,0.0,0.0,0.0
1,QN38,m,0.0,0.0,0.0,0.0,0.0,0.0
1,QN38,c,10226.995818901123,0.004181098877714239,0.0,0.0,0.0,0.0
1,QN38,i,9362.995775065903,0.004224934096523373,0.0,0.0,0.0,0.0
1,QN38,h,14444.0,0.0,0.0,0.0,0.0,0.0
1,QN41,m,0.0,0.0,0.0,0.0,0.0,0.0
1,QN41,c,5351.9977718720875,0.002228127912116079,0.0,0.0,0.0,0.0
1,QN41,i,4899.99774458619,0.0022554138101145327,0.0,0.0,0.0,0.0
1,QN41,h,7560.0,0.0,0.0,0.0,0.0,0.0
1,QN42,m,0.0,0.0,0.0,0.0,0.0,0.0
1,QN42,c,8484.996508643166,0.0034913568338447204,0.0,0.0,0.0,0.0
1,QN42,i,7767.996469983253,0.003530016747550487,0.0,0.0,0.0,0.0
1,QN42,h,11984.0,0.0,0.0,0.0,0.0,0.0
1,QN43,m,0.0,0.0,0.0,0.0,0.0,0.0
1,QN43,c,7598.9968628825445,0.0031371174559014434,0.0,0.0,0.0,0.0
1,QN43,i,6955.9968275558995,0.003172444100730468,0.0,0.0,0.0,0.0
1,QN43,h,10732.0,0.0,0.0,0.0,0.0,0.0
1,QN44,m,0.0,0.0,0.0,0.0,0.0,0.0
1,QN44,c,6782.997191213701,0.0028087862992378634,0.0,0.0,0.0,0.0
1,QN44,i,6208.997158787935,0.0028412120650055505,0.0,0.0,0.0,0.0
1,QN44,h,9579.0,0.0,0.0,0.0,0.0,0.0
1,QN45,m,0.0,0.0,0.0,0.0,0.0,0.0
1,QN45,c,7433.996929115983,0.003070884016550753,0.0,0.0,0.0,0.0
1,QN45,i,6805.996893881381,0.0031061186193872916,0.0,0.0,0.0,0.0
1,QN45,h,10499.0,0.0,0.0,0.0,0.0,0.0
1,QN46,m,0.0,0.0,0.0,0.0,0.0,0.0
1,QN46,c,13164.994675457821,0.005324542178545057,0.0,0.0,0.0,0.0
1,QN46,i,12051.994625368281,0.005374631719207328,0.0,0.0,0.0,0.0
1,QN46,h,18591.0,0.0,0.0,0.0,0.0,0.0
1,QN47,m,0.0,0.0,0.0,0.0,0.0,0.0
1,QN47,c,6535.997290999948,0.0027090000517158448,0.0,0.0,0.0,0.0
1,QN47,i,5983.99725898399,0.002741016010425183,0.0,0.0,0.0,0.0
1,QN47,h,9231.0,0.0,0.0,0.0,0.0,0.0
1,QN48,m,0.0,0.0,0.0,0.0,0.0,0.0
1,QN48,c,6008.997504505011,0.00249549498854326,0.0,0.0,0.0,0.0
1,QN48,i,5500.997474772326,0.0025252276732418695,0.0,0.0,0.0,0.0
1,QN48,h,8486.0,0.0,0.0,0.0,0.0,0.0
1,QN49,m,0.0,0.0,0.0,0.0,0.0,0.0
1,QN49,c,9246.996205836638,0.0037941633617102925,0.0,0.0,0.0,0.0
1,QN49,i,8465.996164664575,0.0038353354244666242,0.0,0.0,0.0,0.0
1,QN49,h,13060.0,0.0,0.0,0.0,0.0,0.0
1,QN50,m,1218.9981419885225,0.0018580114775307015,0.0,0.0,0.0,0.0
1,QN50,c,6448.997338337693,0.0026616623076265978,0.0,0.0,0.0,0.0
1,QN50,i,7020.996798828915,0.0032011710842288995,0.0,0.0,0.0,0.0
1,QN50,h,10832.0,0.0,0.0,0.0,0.0,0.0
1,QN51,m,0.0,0.0,0.0,0.0,0.0,0.0
1,QN51,c,15547.993765889289,0.006234110711324139,0.0,0.0,0.0,0.0
1,QN51,i,14233.993712042395,0.006287957604601229,0.0,0.0,0.0,0.0
1,QN51,h,21957.0,0.0,0.0,0.0,0.0,0.0
1,QN52,m,0.0,0.0,0.0,0.0,0.0,0.0
1,QN52,c,8107.996659090301,0.0033409096981921013,0.0,0.0,0.0,0.0
1,QN52,i,7422.996621585779,0.0033784142208890455,0.0,0.0,0.0,0.0
1,QN52,h,11451.0,0.0,0.0,0.0,0.0,0.0
1,QN53,m,5302.99217006417,0.007829935829776223,0.0,0.0,0.0,0.0
1,QN53,c,11727.995322651239,0.004677348760807441,0.0,0.0,0.0,0.0
1,QN53,i,15590.993152680914,0.006847319086003374,0.0,0.0,0.0,0.0
1,QN53,h,24052.0,0.0,0.0,0.0,0.0,0.0
1,QN54,m,5802.991485760156,0.008514239844026782,0.0,0.0,0.0,0.0
1,QN54,c,13122.994801762563,0.005198237437526272,0.0,0.0,0.0,0.0
1,QN54,i,17326.992446473363,0.007553526636773286,0.0,0.0,0.0,0.0
1,QN54,h,26729.0,0.0,0.0,0.0,0.0,0.0
1,QN55,m,1023.9985166681616,0.0014833318383322565,0.0,0.0,0.0,0.0
1,QN55,c,21777.991491244426,0.008508755573872557,0.0,0.0,0.0,0.0
1,QN55,i,20874.991035152474,0.008964847524297048,0.0,0.0,0.0,0.0
1,QN55,h,32201.0,0.0,0.0,0.0,0.0,0.0
1,QN56,m,1860.9971512009727,0.002848799027434652,0.0,0.0,0.0,0.0
1,QN56,c,4561.998108373711,0.0018916262892475814,0.0,0.0,0.0,0.0
1,QN56,i,5879.997305378539,0.002694621460915953,0.0,0.0,0.0,0.0
1,QN56,h,9073.0,0.0,0.0,0.0,0.0,0.0
1,QN57,m,204.99968774006433,0.0003122599356749384,0.0,0.0,0.0,0.0
1,QN57,c,7651.996844044472,0.0031559555278835726,0.0,0.0,0.0,0.0
1,QN57,i,7192.996722923563,0.0032770764377037863,0.0,0.0,0.0,0.0
1,QN57,h,11098.0,0.0,0.0,0.0,0.0,0.0
1,QN60,m,1760.9973096091967,0.002690390803384974,0.0,0.0,0.0,0.0
1,QN60,c,5232.9978347753795,0.002165224620441423,0.0,0.0,0.0,0.0
1,QN60,i,6403.997072101421,0.002927898579446238,0.0,0.0,0.0,0.0
1,QN60,h,9880.0,0.0,0.0,0.0,0.0,0.0
1,QN61,m,4353.988158555244,0.011841444756456944,0.0,0.8,0.2,0.0
1,QN61,c,11797.987671305142,0.012328694858072834,0.0,0.0,0.0,0.0
1,QN61,i,14786.983077454259,0.0169225457410642,0.0,0.0,0.0,0.0
1,QN61,h,22810.747746862384,0.25225313761604434,0.0,0.0,0.0,0.0
1,QN62,m,0.0,0.0,0.0,0.0,0.0,0.0
1,QN62,c,6249.997406767507,0.0025932324931175962,0.0,0.0,0.0,0.0
1,QN62,i,5721.99737592427,0.0026240757301427787,0.0,0.0,0.0,0.0
1,QN62,h,8828.0,0.0,0.0,0.0,0.0,0.0
1,QN63,m,4959.992590351832,0.007409648167171666,0.0,0.0,0.0,0.0
1,QN63,c,8591.996529906548,0.0034700934515987025,0.0,0.0,0.0,0.0
1,QN63,i,12406.994475599018,0.005524400982515754,0.0,0.0,0.0,0.0
1,QN63,h,19140.0,0.0,0.0,0.0,0.0,0.0
1,QN66,m,0.0,0.0,0.0,0.0,0.0,0.0
1,QN66,c,7347.996963668625,0.003036331375583917,0.0,0.0,0.0,0.0